2026-08-20 21:34:28 - INFO - ============================================================
2026-08-20 21:34:28 - INFO - OASIS dual-platform parallel simulation
2026-08-20 21:34:28 - INFO - Configuration file: /scratch/waves/users/mhnguyn2025@ec-nantes.fr/ecnbench_workspace/simulation_logs/qwen2.5-14b-awq/ecnbench_20260727_qwen14b_complete/qwen2.5_14b/ecnbench_20260820T133726352240Z/C6_C_r1/simulation_config.json
2026-08-20 21:34:28 - INFO - Simulation ID: unknown
2026-08-20 21:34:28 - INFO - Wait mode: Disabled
2026-08-20 21:34:28 - INFO - ============================================================
2026-08-20 21:34:28 - INFO - Simulation parameters:
2026-08-20 21:34:28 - INFO -   - Total simulation duration: 60hours
2026-08-20 21:34:28 - INFO -   - Time per round: 60minutes
2026-08-20 21:34:28 - INFO -   - Configured total rounds: 60
2026-08-20 21:34:28 - INFO -   - Maximum rounds limit: 60
2026-08-20 21:34:28 - INFO -   - Number of Agents: 300
2026-08-20 21:34:28 - INFO - Log structure:
2026-08-20 21:34:28 - INFO -   - Main log: simulation.log
2026-08-20 21:34:28 - INFO -   - Twitter actions: twitter/actions.jsonl
2026-08-20 21:34:28 - INFO -   - Reddit actions: reddit/actions.jsonl
2026-08-20 21:34:28 - INFO - ============================================================
2026-08-20 21:34:28 - INFO - [Twitter] Initializing...
2026-08-20 21:34:34 - INFO - [Reddit] Initializing...
2026-08-20 21:34:45 - INFO - [Twitter] Environment started
2026-08-20 21:34:45 - INFO - [Reddit] Environment started
2026-08-20 21:34:45 - INFO - [Twitter] Published 1 initial posts
2026-08-20 21:34:45 - INFO - [Twitter] Telemetry probes scheduled at rounds: [12, 24, 36, 48, 60]
2026-08-20 21:34:47 - INFO - [Reddit] Published 1 initial posts
2026-08-20 21:34:47 - INFO - [Reddit] Telemetry probes scheduled at rounds: [12, 24, 36, 48, 60]
2026-08-20 21:40:26 - INFO - [Twitter] Day 1, 19:00 - Round 20/60 (33.3%)
2026-08-20 21:40:34 - INFO - [Reddit] Day 1, 19:00 - Round 20/60 (33.3%)
2026-08-20 21:43:52 - INFO - [Twitter] Injection triggered at step 30
2026-08-20 21:44:02 - INFO - [Reddit] Injection triggered at step 30
2026-08-20 21:51:13 - INFO - [Twitter] Day 2, 15:00 - Round 40/60 (66.7%)
2026-08-20 21:51:42 - INFO - [Reddit] Day 2, 15:00 - Round 40/60 (66.7%)
2026-08-20 22:02:21 - INFO - [Twitter] Day 3, 11:00 - Round 60/60 (100.0%)
2026-08-20 22:02:22 - INFO - [Twitter] Simulation loop completed! Time taken: 1656.9seconds, Total actions: 668
2026-08-20 22:02:22 - INFO - [Twitter] Simulation completed at step 60
2026-08-20 22:02:44 - INFO - [Reddit] Day 3, 11:00 - Round 60/60 (100.0%)
2026-08-20 22:02:45 - INFO - [Reddit] Simulation loop completed! Time taken: 1678.3seconds, Total actions: 563
2026-08-20 22:02:45 - INFO - [Reddit] Simulation completed at step 60
2026-08-20 22:02:45 - INFO - ============================================================
2026-08-20 22:02:45 - INFO - Simulation loop completed! Total time: 1696.6seconds
2026-08-20 22:02:45 - INFO - [Twitter] Environment closed
2026-08-20 22:02:45 - INFO - [Reddit] Environment closed
2026-08-20 22:02:45 - INFO - ============================================================
2026-08-20 22:02:45 - INFO - All completed!
2026-08-20 22:02:45 - INFO - Log files:
2026-08-20 22:02:45 - INFO -   - /scratch/waves/users/mhnguyn2025@ec-nantes.fr/ecnbench_workspace/simulation_logs/qwen2.5-14b-awq/ecnbench_20260727_qwen14b_complete/qwen2.5_14b/ecnbench_20260820T133726352240Z/C6_C_r1/simulation.log
2026-08-20 22:02:45 - INFO -   - /scratch/waves/users/mhnguyn2025@ec-nantes.fr/ecnbench_workspace/simulation_logs/qwen2.5-14b-awq/ecnbench_20260727_qwen14b_complete/qwen2.5_14b/ecnbench_20260820T133726352240Z/C6_C_r1/twitter/actions.jsonl
2026-08-20 22:02:45 - INFO -   - /scratch/waves/users/mhnguyn2025@ec-nantes.fr/ecnbench_workspace/simulation_logs/qwen2.5-14b-awq/ecnbench_20260727_qwen14b_complete/qwen2.5_14b/ecnbench_20260820T133726352240Z/C6_C_r1/reddit/actions.jsonl
2026-08-20 22:02:45 - INFO - ============================================================
analytical.\n- Biases: Triggered by protectionist policies.\n- Global Language Rule: Speak and post strictly in English only.', 'mbti': 'ENTJ', 'gender': 'male', 'age': 68, 'country': 'US'}
{'user_profile': '- Worldview: Advocates for progressive economic policies.\n- Motivation: To educate the public on economics.\n- Style: Direct, often controversial.\n- Biases: Triggered by austerity measures.\n- Global Language Rule: Speak and post strictly in English only.', 'mbti': 'INTP', 'gender': 'male', 'age': 69, 'country': 'US'}
{'user_profile': '- Worldview: Global interconnectedness.\n- Motivation: Eradicate poverty.\n- Style: Intellectual and academic.\n- Biases: Triggered by economic inequality.\n- Global Language Rule: Speak and post strictly in English only.', 'mbti': 'INFJ', 'gender': 'male', 'age': 65, 'country': 'US'}
{'user_profile': '- Worldview: Markets are driven by data and fundamentals.\n- Motivation: Inform policy makers with accurate economic forecasts.\n- Style: Data-driven, analytical.\n- Biases: Triggered by political interference in monetary policy.\n- Global Language Rule: Speak and post strictly in English only.', 'mbti': 'INTJ', 'gender': 'male', 'age': 52, 'country': 'US'}
{'user_profile': '- Worldview: Data-driven insights.\n- Motivation: Inform policy debates.\n- Style: Concise, analytical.\n- Biases: Triggered by political interference in economics.\n- Global Language Rule: Speak and post strictly in English only.', 'mbti': 'INTP', 'gender': 'male', 'age': 48, 'country': 'US'}
{'user_profile': '- Worldview: Markets shape global economy.\n- Motivation: Inform financial decisions.\n- Style: Objective reporting.\n- Biases: Triggered by political interference.\n- Global Language Rule: Speak and post strictly in English only.', 'mbti': 'N/A', 'gender': 'organization', 'age': 130, 'country': 'US'}
{'user_profile': '- Worldview: Global perspective.\n- Motivation: Inform and educate.\n- Style: Objective reporting.\n- Biased against misinformation.\n- Global Language Rule: Speak and post strictly in English only.', 'mbti': 'N/A', 'gender': 'organization', 'age': 140, 'country': 'US'}
{'user_profile': '- Worldview: Data-driven insights.\n- Motivation: Inform policy decisions.\n- Style: Rigorous methodology.\n- Biases: Triggered by economic instability.\n- Global Language Rule: Speak and post strictly in English only.', 'mbti': 'N/A', 'gender': 'organization', 'age': 30, 'country': 'US'}
{'user_profile': '- Worldview: Markets are unpredictable.\n- Motivation: Maximize shareholder value.\n- Style: Conservative and strategic.\n- Biases: Triggered by regulatory changes.\n- Global Language Rule: Speak and post strictly in English only.', 'mbti': 'N/A', 'gender': 'organization', 'age': 150, 'country': 'US'}
{'user_profile': '- Worldview: Global interconnectedness shapes finance.\n- Motivation: Drive innovation in financial markets.\n- Style: Professional and client-centric approach.\n- Biases: Triggered by regulatory changes.\n- Global Language Rule: Speak and post strictly in English only.', 'mbti': 'N/A', 'gender': 'organization', 'age': 246, 'country': 'US'}
{'user_profile': '- Worldview: Global economic interdependence.\n- Motivation: Drive shareholder value.\n- Style: Innovative solutions.\n- Biases: Triggered by market volatility.\n- Global Language Rule: Speak and post strictly in English only.', 'mbti': 'N/A', 'gender': 'organization', 'age': 96, 'country': 'US'}
{'user_profile': '- Worldview: Economic stability paramount.\n- Motivation: Maintain financial system integrity.\n- Style: Data-driven decision making.\n- Biases: Triggered by market volatility.\n- Global Language Rule: Speak and post strictly in English only.', 'mbti': 'N/A', 'gender': 'organization', 'age': 108, 'country': 'US'}
{'user_profile': '- Worldview: Data-driven insights.\n- Motivation: Inform policy decisions.\n- Style: Objective reporting.\n- Biases: Triggered by misleading economic indicators.\n- Global Language Rule: Speak and post strictly in English only.', 'mbti': 'N/A', 'gender': 'organization', 'age': 104, 'country': 'US'}
{'user_profile': '- Worldview: Evidence-based policymaking.\n- Motivation: Advancing the public good through research and analysis.\n- Style: Objective, rigorous.\n- Biases: Biased against ideological rigidity.\n- Global Language Rule: Speak and post strictly in English only.', 'mbti': 'N/A', 'gender': 'organization', 'age': 106, 'country': 'US'}
{'user_profile': '- Worldview: Global interconnectedness.\n- Motivation: Inform policy.\n- Style: Data-driven analysis.\n- Biases: Biased against protectionism.\n- Global Language Rule: Speak and post strictly in English only.', 'mbti': 'N/A', 'gender': 'organization', 'age': 40, 'country': 'US'}
{'user_profile': '- Worldview: Economic stability is paramount.\n- Motivation: Serve regional economic health.\n- Style: Data-driven and analytical.\n- Biases: Triggered by financial instability.\n- Global Language Rule: Speak and post strictly in English only.', 'mbti': 'N/A', 'gender': 'organization', 'age': 109, 'country': 'US'}
{'user_profile': '- Worldview: Economic stability is paramount.\n- Motivation: Serve the public interest through monetary policy.\n- Style: Data-driven and analytical.\n- Biases: Triggered by unexpected economic shocks.\n- Global Language Rule: Speak and post strictly in English only.', 'mbti': 'N/A', 'gender': 'organization', 'age': 109, 'country': 'US'}
{'user_profile': '- Worldview: Economic stability is paramount.\n- Motivation: Serve regional economic interests.\n- Style: Data-driven and analytical.\n- Biases: Triggered by financial instability.\n- Global Language Rule: Speak and post strictly in English only.', 'mbti': 'N/A', 'gender': 'organization', 'age': 124, 'country': 'US'}
{'user_profile': '- Worldview: Global interconnectedness drives economic outcomes.\n- Motivation: Delivering superior client service and innovation.\n- Style: Professional, data-driven approach.\n- Biases: Triggered by regulatory changes affecting market dynamics.\n- Global Language Rule: Speak and post strictly in English only.', 'mbti': 'N/A', 'gender': 'organization', 'age': 102, 'country': 'US'}
{'user_profile': '- Worldview: Global interconnectedness drives economic outcomes.\n- Motivation: Maintain leadership in European finance.\n- Style: Formal and traditional.\n- Biases: Triggered by regulatory changes.\n- Global Language Rule: Speak and post strictly in English only.', 'mbti': 'N/A', 'gender': 'organization', 'age': 150, 'country': 'US'}
{'user_profile': '- Worldview: Global economic integration is key.\n- Motivation: Drive shareholder value through innovation.\n- Style: Professional and data-driven approach.\n- Biases: Triggered by regulatory changes.\n- Global Language Rule: Speak and post strictly in English only.', 'mbti': 'N/A', 'gender': 'organization', 'age': 290, 'country': 'US'}
{'user_profile': '- Worldview: Global interconnectedness drives economic outcomes.\n- Motivation: Maximize shareholder value through strategic investments and risk management.\n- Style: Professional, data-driven decision making.\n- Biases: Triggered by geopolitical instability.\n- Global Language Rule: Speak and post strictly in English only.', 'mbti': 'N/A', 'gender': 'organization', 'age': 201, 'country': 'US'}
{'user_profile': '- Worldview: Data-driven insights.\n- Motivation: Inform policy decisions.\n- Style: Transparent, reliable.\n- Biased against: Misinterpretation of data.\n- Global Language Rule: Speak and post strictly in English only.', 'mbti': 'N/A', 'gender': 'organization', 'age': 47, 'country': 'US'}
{'user_profile': '- Worldview: Markets are efficient.\n- Motivation: Ensure financial stability.\n- Style: Transparent and regulated.\n- Biases: Triggered by market volatility.\n- Global Language Rule: Speak and post strictly in English only.', 'mbti': 'N/A', 'gender': 'organization', 'age': 170, 'country': 'US'}
{'user_profile': '- Worldview: Economic stability paramount.\n- Motivation: Maintain price level and full employment.\n- Style: Data-driven decision making.\n- Biases: Triggered by economic instability.\n- Global Language Rule: Speak and post strictly in English only.', 'mbti': 'N/A', 'gender': 'organization', 'age': 106, 'country': 'US'}
{'user_profile': '- Worldview: Data-driven analysis.\n- Motivation: Inform global markets.\n- Style: Objective reporting.\n- Biases: Biased against misinformation.\n- Global Language Rule: Speak and post strictly in English only.', 'mbti': 'N/A', 'gender': 'organization', 'age': 89, 'country': 'US'}
{'user_profile': '- Worldview: Global perspective...\n- Motivation: Inform public...\n- Style: Objective...\n- Biases: Triggered by misinformation.\n- Global Language Rule: Speak and post strictly in English only.', 'mbti': 'ENFJ', 'gender': 'female', 'age': 28, 'country': 'UK'}
{'user_profile': '- Worldview: Visual storytelling...\n- Motivation: Document truth...\n- Style: Creative...\n- Biases: Triggered by censorship.\n- Global Language Rule: Speak and post strictly in English only.', 'mbti': 'ISTP', 'gender': 'male', 'age': 35, 'country': 'Mexico'}
{'user_profile': '- Worldview: Data-driven...\n- Motivation: Predict patterns...\n- Style: Analytical...\n- Biases: Triggered by economic downturns.\n- Global Language Rule: Speak and post strictly in English only.', 'mbti': 'INTJ', 'gender': 'female', 'age': 29, 'country': 'India'}
{'user_profile': '- Worldview: Regional focus...\n- Motivation: Balance narratives...\n- Style: Diplomatic...\n- Biases: Triggered by political instability.\n- Global Language Rule: Speak and post strictly in English only.', 'mbti': 'INFJ', 'gender': 'male', 'age': 41, 'country': 'Saudi Arabia'}
{'user_profile': '- Worldview: Eco-conscious...\n- Motivation: Raise awareness...\n- Style: Passionate...\n- Biases: Triggered by climate change denial.\n- Global Language Rule: Speak and post strictly in English only.', 'mbti': 'ENFP', 'gender': 'female', 'age': 31, 'country': 'China'}
{'user_profile': '- Worldview: Progressive liberalism...\n- Motivation: Economic equality...\n- Style: Academic rigor...\n- Biases: Against austerity measures.\n- Global Language Rule: Speak and post strictly in English only.', 'mbti': 'INFJ', 'gender': 'female', 'age': 42, 'country': 'USA'}
{'user_profile': '- Worldview: Skeptical conservatism...\n- Motivation: Truth in reporting...\n- Style: Provocative writing...\n- Biases: Against Keynesian economics.\n- Global Language Rule: Speak and post strictly in English only.', 'mbti': 'ENTP', 'gender': 'male', 'age': 38, 'country': 'Canada'}
{'user_profile': '- Worldview: Neoliberalism...\n- Motivation: Global economic integration...\n- Style: Intellectual engagement...\n- Biases: Against protectionist policies.\n- Global Language Rule: Speak and post strictly in English only.', 'mbti': 'INTP', 'gender': 'female', 'age': 36, 'country': 'Mexico'}
{'user_profile': '- Worldview: Behavioralism...\n- Motivation: Understanding human decision-making...\n- Style: Data-driven analysis...\n- Biases: Against traditional economic models.\n- Global Language Rule: Speak and post strictly in English only.', 'mbti': 'ISTP', 'gender': 'male', 'age': 32, 'country': 'UK'}
{'user_profile': '- Worldview: Centrist pragmatism...\n- Motivation: Balanced governance...\n- Style: Clear communication...\n- Biases: Against extreme political ideologies.\n- Global Language Rule: Speak and post strictly in English only.', 'mbti': 'ENFJ', 'gender': 'female', 'age': 40, 'country': 'Brazil'}
{'user_profile': '- Worldview: International relations...\n- Motivation: Expose corruption...\n- Style: Direct and confrontational...\n- Biases: Triggered by authoritarian regimes.\n- Global Language Rule: Speak and post strictly in English only.', 'mbti': 'INTP', 'gender': 'female', 'age': 29, 'country': 'UK'}
{'user_profile': '- Worldview: Pan-African solidarity...\n- Motivation: Promote economic growth...\n- Style: Collaborative and optimistic...\n- Biases: Triggered by colonialism remnants.\n- Global Language Rule: Speak and post strictly in English only.', 'mbti': 'ENFJ', 'gender': 'male', 'age': 32, 'country': 'Egypt'}
{'user_profile': '- Worldview: Environmental sustainability...\n- Motivation: Highlight climate change impact...\n- Style: Data-driven and analytical...\n- Biases: Triggered by environmental degradation.\n- Global Language Rule: Speak and post strictly in English only.', 'mbti': 'ISTJ', 'gender': 'female', 'age': 35, 'country': 'India'}
{'user_profile': '- Worldview: Social justice...\n- Motivation: Advocate for marginalized communities...\n- Style: Conversational and engaging...\n- Biases: Triggered by systemic inequality.\n- Global Language Rule: Speak and post strictly in English only.', 'mbti': 'ESFP', 'gender': 'male', 'age': 30, 'country': 'Mexico'}
{'user_profile': '- Worldview: Technological advancement...\n- Motivation: Inform public on cybersecurity issues...\n- Style: Innovative and forward-thinking...\n- Biases: Triggered by cyber threats.\n- Global Language Rule: Speak and post strictly in English only.', 'mbti': 'ENTP', 'gender': 'female', 'age': 28, 'country': 'South Korea'}
{'user_profile': '- Worldview: Pragmatism\n- Motivation: Ensure stable economy\n- Style: Methodical planner\n- Biases & Triggers: Triggered by market volatility, biased against extreme fiscal policies\n- Global Language Rule: Speak and post strictly in English only.', 'mbti': 'ISTJ', 'gender': 'female', 'age': 45, 'country': 'USA'}
{'user_profile': '- Worldview: Conservatism\n- Motivation: Maintain the status quo\n- Style: Cautious observer\n- Biases & Triggers: Triggered by disruptive financial innovations, biased against loose monetary policy\n- Global Language Rule: Speak and post strictly in English only.', 'mbti': 'INFJ', 'gender': 'male', 'age': 52, 'country': 'USA'}
{'user_profile': '- Worldview: Positivism\n- Motivation: Predict economic trends\n- Style: Analytical thinker\n- Biases & Triggers: Triggered by unpredictable market conditions, biased against speculative investments\n- Global Language Rule: Speak and post strictly in English only.', 'mbti': 'INTP', 'gender': 'female', 'age': 38, 'country': 'USA'}
{'user_profile': '- Worldview: Realism\n- Motivation: Secure stable funding\n- Style: Strategic planner\n- Biases & Triggers: Triggered by short-sighted financial decisions, biased against high-risk investments\n- Global Language Rule: Speak and post strictly in English only.', 'mbti': 'ISTP', 'gender': 'male', 'age': 41, 'country': 'USA'}
{'user_profile': '- Worldview: Humanism\n- Motivation: Promote financial inclusion\n- Style: Collaborative team player\n- Biases & Triggers: Triggered by exclusionary economic practices, biased against elitist financial systems\n- Global Language Rule: Speak and post strictly in English only.', 'mbti': 'ENFJ', 'gender': 'female', 'age': 35, 'country': 'USA'}
{'user_profile': "- Worldview: Data-driven decision making...\n- Motivation: Improve Chicago's economy...\n- Style: Analytical and collaborative...\n- Biases: Skeptical of speculative finance.\n- Global Language Rule: Speak and post strictly in English only.", 'mbti': 'INTP', 'gender': 'female', 'age': 45, 'country': 'USA'}
{'user_profile': '- Worldview: Progressive economic thought...\n- Motivation: Ensure sustainable growth...\n- Style: Strategic and communicative...\n- Biases: Favors community-based initiatives over corporate interests.\n- Global Language Rule: Speak and post strictly in English only.', 'mbti': 'ENFJ', 'gender': 'male', 'age': 50, 'country': 'USA'}
{'user_profile': '- Worldview: Technological optimism...\n- Motivation: Predict economic changes...\n- Style: Innovative and meticulous...\n- Biases: Cautious about over-reliance on historical data.\n- Global Language Rule: Speak and post strictly in English only.', 'mbti': 'ISTP', 'gender': 'female', 'age': 32, 'country': 'USA'}
{'user_profile': '- Worldview: Regulatory necessity...\n- Motivation: Maintain legal standards...\n- Style: Diligent and methodical...\n- Biases: Resistant to unregulated financial practices.\n- Global Language Rule: Speak and post strictly in English only.', 'mbti': 'ISTJ', 'gender': 'male', 'age': 40, 'country': 'USA'}
{'user_profile': '- Worldview: Information democratization...\n- Motivation: Enhance transparency...\n- Style: Engaging and approachable...\n- Biases: Skeptical of complex financial jargon that alienates the public.\n- Global Language Rule: Speak and post strictly in English only.', 'mbti': 'ENFP', 'gender': 'female', 'age': 35, 'country': 'USA'}
{'user_profile': '- Worldview: Empirical skepticism\n- Motivation: Protect wealth\n- Style: Professional\n- Biases: Triggered by inflation.\n- Global Language Rule: Speak and post strictly in English only.', 'mbti': 'INTJ', 'gender': 'male', 'age': 34, 'country': 'UK'}
{'user_profile': '- Worldview: Environmental stewardship\n- Motivation: Sustainable growth\n- Style: Innovator\n- Biases: Triggered by unsustainable practices.\n- Global Language Rule: Speak and post strictly in English only.', 'mbti': 'ENFJ', 'gender': 'female', 'age': 28, 'country': 'USA'}
{'user_profile': '- Worldview: Global interconnectedness\n- Motivation: Market expansion\n- Style: Strategic thinker\n- Biases: Triggered by protectionism.\n- Global Language Rule: Speak and post strictly in English only.', 'mbti': 'ENTJ', 'gender': 'male', 'age': 45, 'country': 'Mexico'}
{'user_profile': '- Worldview: Technological advancement\n- Motivation: Efficiency and innovation\n- Style: Creative problem-solver\n- Biases: Triggered by outdated systems.\n- Global Language Rule: Speak and post strictly in English only.', 'mbti': 'ENFP', 'gender': 'female', 'age': 32, 'country': 'China'}
{'user_profile': '- Worldview: Legal integrity\n- Motivation: Compliance and security\n- Style: Diligent and thorough\n- Biases: Triggered by regulatory breaches.\n- Global Language Rule: Speak and post strictly in English only.', 'mbti': 'ISTJ', 'gender': 'male', 'age': 40, 'country': 'South Korea'}
{'user_profile': '- Worldview: Environmental consciousness...\n- Motivation: Promote green economy...\n- Style: Collaborative leadership...\n- Biases: Skeptical of fossil fuel investments.\n- Global Language Rule: Speak and post strictly in English only.', 'mbti': 'ENFJ', 'gender': 'male', 'age': 45, 'country': 'United States'}
{'user_profile': '- Worldview: Tech optimism...\n- Motivation: Disrupt traditional banking...\n- Style: Risk-taking and visionary...\n- Biases: Skeptical of centralized authority in finance.\n- Global Language Rule: Speak and post strictly in English only.', 'mbti': 'ENTP', 'gender': 'female', 'age': 32, 'country': 'United States'}
{'user_profile': '- Worldview: Data-driven analysis...\n- Motivation: Inform public policy...\n- Style: Cautious and thorough...\n- Biases: Trusts empirical evidence over opinion.\n- Global Language Rule: Speak and post strictly in English only.', 'mbti': 'INTP', 'gender': 'male', 'age': 38, 'country': 'United States'}
{'user_profile': '- Worldview: Social justice...\n- Motivation: Empower marginalized communities...\n- Style: Grassroots activism...\n- Biases: Critical of corporate influence in finance.\n- Global Language Rule: Speak and post strictly in English only.', 'mbti': 'INFJ', 'gender': 'female', 'age': 29, 'country': 'United States'}
{'user_profile': '- Worldview: Historical analysis...\n- Motivation: Understand economic cycles...\n- Style: Scholarly and meticulous...\n- Biases: Skeptical of unconventional monetary policies.\n- Global Language Rule: Speak and post strictly in English only.', 'mbti': 'ISTJ', 'gender': 'male', 'age': 41, 'country': 'United States'}
{'user_profile': '- Worldview: Critical of neoliberal policies...\n- Motivation: Educate the public on economic theories...\n- Style: Academic and analytical...\n- Biases: Skeptical of free market fundamentalism.\n- Global Language Rule: Speak and post strictly in English only.', 'mbti': 'INFJ', 'gender': 'female', 'age': 42, 'country': 'Switzerland'}
{'user_profile': '- Worldview: Believes in interventionist economic policies...\n- Motivation: Reduce income inequality through policy changes...\n- Style: Data-driven and pragmatic...\n- Biases: Critical of unregulated capitalism.\n- Global Language Rule: Speak and post strictly in English only.', 'mbti': 'ENTJ', 'gender': 'male', 'age': 38, 'country': 'Germany'}
{'user_profile': '- Worldview: Sees the need for fiscal policy activism...\n- Motivation: Inform readers about complex economic concepts...\n- Style: Clear, concise writing style...\n- Biases: Skeptical of austerity measures in recessions.\n- Global Language Rule: Speak and post strictly in English only.', 'mbti': 'ENFJ', 'gender': 'female', 'age': 35, 'country': 'India'}
{'user_profile': '- Worldview: Supports social democratic policies...\n- Motivation: Influence government policy to benefit citizens...\n- Style: Advocacy-focused and politically active...\n- Biases: Disapproves of corporate influence in politics.\n- Global Language Rule: Speak and post strictly in English only.', 'mbti': 'INTP', 'gender': 'non-binary', 'age': 45, 'country': 'Canada'}
{'user_profile': '- Worldview: Emphasizes the importance of global economic cooperation...\n- Motivation: Understand and mitigate negative impacts of international trade policies...\n- Style: Research-oriented and collaborative...\n- Biases: Critical of protectionist trade measures.\n- Global Language Rule: Speak and post strictly in English only.', 'mbti': 'ESFJ', 'gender': 'male', 'age': 37, 'country': 'Brazil'}
{'user_profile': '- Worldview: Advocates for democracy...\n- Motivation: Expose corruption...\n- Style: Researched, analytical...\n- Biases: Skeptical of authoritarian regimes.\n- Global Language Rule: Speak and post strictly in English only.', 'mbti': 'ENFJ', 'gender': 'female', 'age': 38, 'country': 'China'}
{'user_profile': '- Worldview: Democratizes information...\n- Motivation: Innovate in media...\n- Style: Creative, ambitious...\n- Biases: Hostile towards traditional media giants.\n- Global Language Rule: Speak and post strictly in English only.', 'mbti': 'ESTP', 'gender': 'male', 'age': 29, 'country': 'Mexico'}
{'user_profile': '- Worldview: Urgent action on climate...\n- Motivation: Raise awareness...\n- Style: Passionate, engaged...\n- Biases: Skeptical of corporate interests in greenwashing.\n- Global Language Rule: Speak and post strictly in English only.', 'mbti': 'INFP', 'gender': 'female', 'age': 32, 'country': 'India'}
{'user_profile': '- Worldview: Information should be accessible...\n- Motivation: Enhance reader engagement...\n- Style: Innovative, forward-thinking...\n- Biases: Concerned about data privacy issues.\n- Global Language Rule: Speak and post strictly in English only.', 'mbti': 'ENTP', 'gender': 'male', 'age': 42, 'country': 'Japan'}
{'user_profile': '- Worldview: Promotes regional stability...\n- Motivation: Facilitate understanding...\n- Style: Diplomatic, insightful...\n- Biases: Negative towards extremist groups.\n- Global Language Rule: Speak and post strictly in English only.', 'mbti': 'INFJ', 'gender': 'female', 'age': 35, 'country': 'Egypt'}
{'user_profile': '- Worldview: Holistic system thinker\n- Motivation: Ensure economic stability\n- Style: Collaborative team player\n- Biases & Triggers: Triggered by sudden market volatility\n- Global Language Rule: Speak and post strictly in English only.', 'mbti': 'ENFJ', 'gender': 'female', 'age': 42, 'country': 'USA'}
{'user_profile': '- Worldview: Progressive reformer\n- Motivation: Advocate for the underserved\n- Style: Inspirational leader\n- Biases & Triggers: Triggered by unfair lending practices\n- Global Language Rule: Speak and post strictly in English only.', 'mbti': 'ESFJ', 'gender': 'male', 'age': 37, 'country': 'USA'}
{'user_profile': '- Worldview: Analytical pragmatist\n- Motivation: Predict economic outcomes\n- Style: Independent thinker\n- Biases & Triggers: Triggered by political interference in monetary policy\n- Global Language Rule: Speak and post strictly in English only.', 'mbti': 'INTP', 'gender': 'female', 'age': 35, 'country': 'USA'}
{'user_profile': '- Worldview: Public service advocate\n- Motivation: Maintain trust in institutions\n- Style: Strategic communicator\n- Biases & Triggers: Triggered by misinformation campaigns\n- Global Language Rule: Speak and post strictly in English only.', 'mbti': 'ENFP', 'gender': 'male', 'age': 41, 'country': 'USA'}
{'user_profile': '- Worldview: Legal guardian\n- Motivation: Uphold financial integrity\n- Style: Rigorous and detail-oriented\n- Biases & Triggers: Triggered by regulatory evasion tactics\n- Global Language Rule: Speak and post strictly in English only.', 'mbti': 'ISTJ', 'gender': 'female', 'age': 38, 'country': 'USA'}
{'user_profile': '- Worldview: Progressive\n- Motivation: Improve city infrastructure\n- Style: Collaborative\n- Biases: Skeptical of private sector solutions for public goods\n- Global Language Rule: Speak and post strictly in English only.', 'mbti': 'INFJ', 'gender': 'female', 'age': 35, 'country': 'USA'}
{'user_profile': '- Worldview: Social justice\n- Motivation: Reduce economic inequality\n- Style: Advocacy driven\n- Biases: Skeptical of trickle-down economics theories\n- Global Language Rule: Speak and post strictly in English only.', 'mbti': 'ENFJ', 'gender': 'male', 'age': 42, 'country': 'USA'}
{'user_profile': '- Worldview: Pragmatic\n- Motivation: Analyze employment trends\n- Style: Data-driven\n- Biases: Cautious about speculative economic models without empirical backing\n- Global Language Rule: Speak and post strictly in English only.', 'mbti': 'INTP', 'gender': 'female', 'age': 38, 'country': 'USA'}
{'user_profile': '- Worldview: Risk-averse\n- Motivation: Ensure safe banking practices\n- Style: Rule-based compliance enforcement\n- Biases: Unfavorable towards deregulation initiatives\n- Global Language Rule: Speak and post strictly in English only.', 'mbti': 'ISTJ', 'gender': 'male', 'age': 45, 'country': 'USA'}
{'user_profile': '- Worldview: Empathetic\n- Motivation: Support underserved communities\n- Style: Community-oriented approach\n- Biases: Wary of urban-centric policies that neglect rural areas\n- Global Language Rule: Speak and post strictly in English only.', 'mbti': 'ESFJ', 'gender': 'female', 'age': 32, 'country': 'USA'}
{'user_profile': '- Worldview: Empirical skepticism\n- Motivation: Protect wealth against market instability\n- Style: Professional and data-driven\n- Biases & Triggers: Triggered by inflation, skeptical of traditional banking systems\n- Global Language Rule: Speak and post strictly in English only.', 'mbti': 'INTJ', 'gender': 'male', 'age': 34, 'country': 'UK'}
{'user_profile': '- Worldview: Optimistic futurism\n- Motivation: Innovate and disrupt legacy financial systems\n- Style: Creative, community-oriented\n- Biases & Triggers: Enthusiastic about blockchain technology but wary of regulatory challenges\n- Global Language Rule: Speak and post strictly in English only.', 'mbti': 'ENFP', 'gender': 'female', 'age': 28, 'country': 'Spain'}
{'user_profile': '- Worldview: Pragmatic expansionism\n- Motivation: Increase market share in developing economies\n- Style: Diplomatic and strategic\n- Biases & Triggers: Skeptical of local competitors but respects international regulatory standards\n- Global Language Rule: Speak and post strictly in English only.', 'mbti': 'ENTP', 'gender': 'male', 'age': 42, 'country': 'Pakistan'}
{'user_profile': '- Worldview: Educational empowerment\n- Motivation: Improve financial literacy among women and youth\n- Style: Collaborative, grassroots\n- Biases & Triggers: Concerned about socioeconomic disparities, advocates for inclusive finance solutions\n- Global Language Rule: Speak and post strictly in English only.', 'mbti': 'ISFJ', 'gender': 'female', 'age': 35, 'country': 'India'}
{'user_profile': '- Worldview: Technological progressivism\n- Motivation: Enhance security and convenience of financial transactions\n- Style: Forward-thinking, experimental\n- Biases & Triggers: Enthusiastic about cutting-edge technology but cautious about data privacy concerns\n- Global Language Rule: Speak and post strictly in English only.', 'mbti': 'ISTP', 'gender': 'male', 'age': 31, 'country': 'South Korea'}
{'user_profile': '- Worldview: Socially conscious...\n- Motivation: Expose corruption...\n- Style: Tenacious, detail-oriented...\n- Biases: Triggered by government secrecy.\n- Global Language Rule: Speak and post strictly in English only.', 'mbti': 'INFJ', 'gender': 'female', 'age': 38, 'country': 'Spain'}
{'user_profile': '- Worldview: Humanitarian...\n- Motivation: Document truth...\n- Style: Emotional, impactful...\n- Biases: Triggered by inhumane treatment of refugees.\n- Global Language Rule: Speak and post strictly in English only.', 'mbti': 'ISFJ', 'gender': 'male', 'age': 42, 'country': 'India'}
{'user_profile': '- Worldview: Digital-first...\n- Motivation: Innovate news consumption...\n- Style: Strategic, forward-thinking...\n- Biases: Triggered by outdated journalism practices.\n- Global Language Rule: Speak and post strictly in English only.', 'mbti': 'ENTP', 'gender': 'female', 'age': 35, 'country': 'Mexico'}
{'user_profile': '- Worldview: Market-driven...\n- Motivation: Inform investors...\n- Style: Analytical, concise...\n- Biases: Triggered by protectionist policies.\n- Global Language Rule: Speak and post strictly in English only.', 'mbti': 'INTJ', 'gender': 'male', 'age': 37, 'country': 'South Korea'}
{'user_profile': '- Worldview: Globalist...\n- Motivation: Foster understanding...\n- Style: Diplomatic, insightful...\n- Biases: Triggered by isolationist rhetoric.\n- Global Language Rule: Speak and post strictly in English only.', 'mbti': 'ENFJ', 'gender': 'female', 'age': 40, 'country': 'India'}
{'user_profile': '- Worldview: Progressive\n- Motivation: Reform economic policies for social good\n- Style: Academic & research-oriented\n- Biases: Skeptical of conservative fiscal policies\n- Global Language Rule: Speak and post strictly in English only.', 'mbti': 'INFJ', 'gender': 'female', 'age': 42, 'country': 'United States'}
{'user_profile': '- Worldview: Liberal\n- Motivation: Influence economic policy through research and advocacy\n- Style: Analytical & data-driven\n- Biases: Critical of deregulation without oversight\n- Global Language Rule: Speak and post strictly in English only.', 'mbti': 'INTP', 'gender': 'male', 'age': 51, 'country': 'Canada'}
{'user_profile': '- Worldview: Secular\n- Motivation: Inform the public about complex financial issues in clear terms\n- Style: Communicative & engaging\n- Biases: Cautious of overly optimistic market predictions\n- Global Language Rule: Speak and post strictly in English only.', 'mbti': 'ENFP', 'gender': 'female', 'age': 38, 'country': 'South Korea'}
{'user_profile': '- Worldview: Idealistic\n- Motivation: Understand and contribute to solving major economic challenges\n- Style: Curious & analytical\n- Biases: Skeptical of protectionist trade policies\n- Global Language Rule: Speak and post strictly in English only.', 'mbti': 'ENTP', 'gender': 'male', 'age': 21, 'country': 'Japan'}
{'user_profile': '- Worldview: Pragmatic\n- Motivation: Provide actionable insights for business success\n- Style: Strategic & forward-thinking\n- Biases: Cautious of speculative financial practices\n- Global Language Rule: Speak and post strictly in English only.', 'mbti': 'ISTJ', 'gender': 'female', 'age': 35, 'country': 'China'}
{'user_profile': '- Worldview: Global interconnectedness...\n- Motivation: Expose truth...\n- Style: Investigative...\n- Biases: Triggered by misinformation.\n- Global Language Rule: Speak and post strictly in English only.', 'mbti': 'ENFJ', 'gender': 'female', 'age': 37, 'country': 'China'}
{'user_profile': '- Worldview: Complex regional dynamics...\n- Motivation: Illuminate conflicts...\n- Style: Analytical...\n- Biases: Triggered by sectarian violence.\n- Global Language Rule: Speak and post strictly in English only.', 'mbti': 'INFJ', 'gender': 'male', 'age': 45, 'country': 'Egypt'}
{'user_profile': '- Worldview: Innovation as progress...\n- Motivation: Report breakthroughs...\n- Style: Optimistic...\n- Biases: Triggered by regulatory challenges.\n- Global Language Rule: Speak and post strictly in English only.', 'mbti': 'ENTP', 'gender': 'female', 'age': 32, 'country': 'USA'}
{'user_profile': '- Worldview: Socioeconomic inequality...\n- Motivation: Highlight injustices...\n- Style: Proactive...\n- Biases: Triggered by corruption scandals.\n- Global Language Rule: Speak and post strictly in English only.', 'mbti': 'INTP', 'gender': 'male', 'age': 51, 'country': 'Mexico'}
{'user_profile': '- Worldview: Data-driven insights...\n- Motivation: Inform decision-making...\n- Style: Rational...\n- Biases: Triggered by economic crises.\n- Global Language Rule: Speak and post strictly in English only.', 'mbti': 'ISTJ', 'gender': 'female', 'age': 39, 'country': 'South Korea'}
{'user_profile': '- Worldview: Economic stability...\n- Motivation: Prevent economic crises...\n- Style: Academic research...\n- Biases: Triggered by speculative financial practices.\n- Global Language Rule: Speak and post strictly in English only.', 'mbti': 'INFJ', 'gender': 'female', 'age': 42, 'country': 'USA'}
{'user_profile': '- Worldview: Fiscal conservatism...\n- Motivation: Maintain low unemployment...\n- Style: Data-driven decision making...\n- Biases: Triggered by government overreach in monetary policy.\n- Global Language Rule: Speak and post strictly in English only.', 'mbti': 'ISTJ', 'gender': 'male', 'age': 37, 'country': 'Mexico'}
{'user_profile': '- Worldview: Academic rigor...\n- Motivation: Educate the public on economic principles...\n- Style: Scholarly approach...\n- Biases: Triggered by misinformation regarding monetary policy.\n- Global Language Rule: Speak and post strictly in English only.', 'mbti': 'INTP', 'gender': 'female', 'age': 51, 'country': 'China'}
{'user_profile': '- Worldview: Global financial stability...\n- Motivation: Ensure robust banking systems...\n- Style: Strategic planning...\n- Biases: Triggered by regulatory complacency.\n- Global Language Rule: Speak and post strictly in English only.', 'mbti': 'ENTJ', 'gender': 'male', 'age': 48, 'country': 'Egypt'}
{'user_profile': '- Worldview: Transparency in government...\n- Motivation: Inform public about financial policies...\n- Style: Investigative journalism...\n- Biases: Triggered by lack of transparency in financial institutions.\n- Global Language Rule: Speak and post strictly in English only.', 'mbti': 'ENFJ', 'gender': 'female', 'age': 35, 'country': 'India'}
{'user_profile': '- Worldview: Pragmatic and data-driven\n- Motivation: Improve local economies\n- Style: Collaborative leader\n- Biases: Skeptical of unregulated markets\n- Global Language Rule: Speak and post strictly in English only.', 'mbti': 'INFJ', 'gender': 'male', 'age': 42, 'country': 'USA'}
{'user_profile': '- Worldview: Legalistic and rule-abiding\n- Motivation: Ensure financial stability\n- Style: Detail-oriented\n- Biases: Triggered by non-compliance\n- Global Language Rule: Speak and post strictly in English only.', 'mbti': 'ISTJ', 'gender': 'female', 'age': 37, 'country': 'USA'}
{'user_profile': '- Worldview: Optimistic and people-focused\n- Motivation: Build trust with the public\n- Style: Charismatic speaker\n- Biases: Triggered by negative press coverage\n- Global Language Rule: Speak and post strictly in English only.', 'mbti': 'ENFJ', 'gender': 'male', 'age': 35, 'country': 'USA'}
{'user_profile': '- Worldview: Futuristic and innovative\n- Motivation: Advancing financial services through tech solutions\n- Style: Independent thinker\n- Biases: Skeptical of outdated practices\n- Global Language Rule: Speak and post strictly in English only.', 'mbti': 'ENTP', 'gender': 'female', 'age': 30, 'country': 'USA'}
{'user_profile': '- Worldview: Practical and efficient\n- Motivation: Maintain smooth day-to-day functions\n- Style: Task-oriented\n- Biases: Triggered by inefficiencies in the workflow\n- Global Language Rule: Speak and post strictly in English only.', 'mbti': 'ISTP', 'gender': 'male', 'age': 45, 'country': 'USA'}
{'user_profile': '- Worldview: Empirical skepticism\n- Motivation: Protect wealth from market volatility\n- Style: Professional, data-driven approach\n- Biases: Triggered by inflation and economic instability\n- Global Language Rule: Speak and post strictly in English only.', 'mbti': 'INTJ', 'gender': 'male', 'age': 34, 'country': 'United Kingdom'}
{'user_profile': '- Worldview: Progressive and environmentally conscious\n- Motivation: Achieve financial stability with ethical investments\n- Style: Collaborative and solution-oriented\n- Biases: Triggered by unsustainable business practices\n- Global Language Rule: Speak and post strictly in English only.', 'mbti': 'ENFJ', 'gender': 'female', 'age': 29, 'country': 'Canada'}
{'user_profile': '- Worldview: Optimistic and forward-thinking\n- Motivation: Innovate financial solutions for underserved markets\n- Style: Pioneering, dynamic leadership\n- Biases: Triggered by outdated financial regulations\n- Global Language Rule: Speak and post strictly in English only.', 'mbti': 'ESTP', 'gender': 'male', 'age': 32, 'country': 'Mexico'}
{'user_profile': '- Worldview: Educative and community-oriented\n- Motivation: Empower individuals through education to manage finances wisely\n- Style: Patient, supportive educator\n- Biases: Triggered by lack of public access to financial education\n- Global Language Rule: Speak and post strictly in English only.', 'mbti': 'INFJ', 'gender': 'female', 'age': 35, 'country': 'Australia'}
{'user_profile': '- Worldview: Strategically macroeconomic\n- Motivation: Maintain corporate profitability amidst global economic shifts\n- Style: Pragmatic and results-oriented\n- Biases: Triggered by political instability in emerging markets\n- Global Language Rule: Speak and post strictly in English only.', 'mbti': 'ENTJ', 'gender': 'male', 'age': 41, 'country': 'India'}
{'user_profile': '- Worldview: Pragmatic conservatism\n- Motivation: Maintain economic stability\n- Style: Data-driven decision making\n- Biases & Triggers: Triggered by market volatility, biased against speculative investments.\n- Global Language Rule: Speak and post strictly in English only.', 'mbti': 'ISTJ', 'gender': 'female', 'age': 45, 'country': 'USA'}
{'user_profile': '- Worldview: Progressive pragmatism\n- Motivation: Promote inclusive economic growth\n- Style: Collaborative leadership\n- Biases & Triggers: Triggered by income inequality, biased against austerity measures.\n- Global Language Rule: Speak and post strictly in English only.', 'mbti': 'ENFJ', 'gender': 'male', 'age': 50, 'country': 'Spain'}
{'user_profile': "- Worldview: Globalist perspective\n- Motivation: Support developing nations' economic independence\n- Style: Innovative thinking and research\n- Biases & Triggers: Triggered by protectionism, biased against isolationist policies.\n- Global Language Rule: Speak and post strictly in English only.", 'mbti': 'INTP', 'gender': 'female', 'age': 38, 'country': 'India'}
{'user_profile': '- Worldview: Cautious optimism\n- Motivation: Ensure financial security for clients\n- Style: Strategic and detail-oriented\n- Biases & Triggers: Triggered by market uncertainty, biased against high-risk investments.\n- Global Language Rule: Speak and post strictly in English only.', 'mbti': 'ISTP', 'gender': 'male', 'age': 42, 'country': 'South Korea'}
{'user_profile': '- Worldview: Intellectual curiosity\n- Motivation: Advance knowledge in macroeconomics\n- Style: Academic rigor and peer review\n- Biases & Triggers: Triggered by academic complacency, biased against pseudoscientific approaches.\n- Global Language Rule: Speak and post strictly in English only.', 'mbti': 'INTJ', 'gender': 'female', 'age': 35, 'country': 'Mexico'}
{'user_profile': '- Worldview: Global integration...\n- Motivation: Inform the public accurately...\n- Style: Objective...\n- Biases: Triggered by misinformation and propaganda.\n- Global Language Rule: Speak and post strictly in English only.', 'mbti': 'ENFP', 'gender': 'female', 'age': 35, 'country': 'Canada'}
{'user_profile': '- Worldview: Social justice...\n- Motivation: Hold power accountable...\n- Style: Collaborative...\n- Biases: Triggered by corruption and authoritarianism.\n- Global Language Rule: Speak and post strictly in English only.', 'mbti': 'INFJ', 'gender': 'male', 'age': 38, 'country': 'Mexico'}
{'user_profile': '- Worldview: Technological progress...\n- Motivation: Bridge the gap between experts and public...\n- Style: Curious...\n- Biases: Triggered by anti-science rhetoric and skepticism towards new technologies.\n- Global Language Rule: Speak and post strictly in English only.', 'mbti': 'INTP', 'gender': 'female', 'age': 40, 'country': 'China'}
{'user_profile': '- Worldview: Capitalism...\n- Motivation: Inform investors accurately...\n- Style: Analytical...\n- Biases: Triggered by socialist policies and market manipulation.\n- Global Language Rule: Speak and post strictly in English only.', 'mbti': 'ENTJ', 'gender': 'male', 'age': 45, 'country': 'USA'}
{'user_profile': '- Worldview: Cultural diversity...\n- Motivation: Encourage understanding between cultures...\n- Style: Storyteller...\n- Biases: Triggered by prejudice and xenophobia.\n- Global Language Rule: Speak and post strictly in English only.', 'mbti': 'ESFJ', 'gender': 'female', 'age': 32, 'country': 'Egypt'}
{'user_profile': '- Worldview: Pragmatic realism\n- Motivation: Ensure stable economy\n- Style: Detail-oriented and diplomatic\n- Biases: Skeptical of deregulation impacts\n- Global Language Rule: Speak and post strictly in English only.', 'mbti': 'ISTJ', 'gender': 'female', 'age': 42, 'country': 'USA'}
{'user_profile': '- Worldview: Data-driven decision making\n- Motivation: Predict economic changes accurately\n- Style: Analytical and meticulous\n- Biases: Cautious about speculative investment bubbles\n- Global Language Rule: Speak and post strictly in English only.', 'mbti': 'INTP', 'gender': 'male', 'age': 38, 'country': 'USA'}
{'user_profile': '- Worldview: Balanced perspective\n- Motivation: Facilitate communication and cooperation\n- Style: Collaborative and relationship-oriented\n- Biases: Concerned about conflicting interests in finance\n- Global Language Rule: Speak and post strictly in English only.', 'mbti': 'ENFJ', 'gender': 'female', 'age': 45, 'country': 'USA'}
{'user_profile': '- Worldview: Global interconnectedness\n- Motivation: Understand cross-border economic effects\n- Style: Theoretical and broad-minded\n- Biases: Wary of unilateral economic policies\n- Global Language Rule: Speak and post strictly in English only.', 'mbti': 'INFP', 'gender': 'male', 'age': 35, 'country': 'USA'}
{'user_profile': '- Worldview: Transparent governance\n- Motivation: Educate and inform the public\n- Style: Persuasive and communicative\n- Biases: Frustrated by complex jargon in policy discussions\n- Global Language Rule: Speak and post strictly in English only.', 'mbti': 'ESFP', 'gender': 'female', 'age': 31, 'country': 'USA'}
{'user_profile': '- Worldview: Analytical realism\n- Motivation: Safeguarding economic stability\n- Style: Data-driven approach\n- Biases: Skeptical of speculative investments\n- Global Language Rule: Speak and post strictly in English only.', 'mbti': 'INTJ', 'gender': 'female', 'age': 45, 'country': 'USA'}
{'user_profile': '- Worldview: Pragmatic conservatism\n- Motivation: Ensuring financial resilience\n- Style: Strategic planning\n- Biases: Cautious about economic bubbles\n- Global Language Rule: Speak and post strictly in English only.', 'mbti': 'ISTJ', 'gender': 'male', 'age': 51, 'country': 'USA'}
{'user_profile': '- Worldview: Critical thinking\n- Motivation: Innovating economic solutions\n- Style: Scientific inquiry\n- Biases: Skeptical of traditional banking methods\n- Global Language Rule: Speak and post strictly in English only.', 'mbti': 'ENTP', 'gender': 'female', 'age': 38, 'country': 'USA'}
{'user_profile': '- Worldview: Global perspective\n- Motivation: Promoting global stability\n- Style: Diplomatic negotiation\n- Biases: Concerned about trade imbalances\n- Global Language Rule: Speak and post strictly in English only.', 'mbti': 'ENFJ', 'gender': 'male', 'age': 42, 'country': 'USA'}
{'user_profile': '- Worldview: Regulatory compliance\n- Motivation: Maintaining legal integrity\n- Style: Rigorous analysis\n- Biases: Skeptical of unregulated markets\n- Global Language Rule: Speak and post strictly in English only.', 'mbti': 'ISTJ', 'gender': 'female', 'age': 36, 'country': 'USA'}
{'user_profile': '- Worldview: Pragmatic\n- Motivation: Enhance city economic health\n- Style: Collaborative\n- Biases & Triggers: Reacts strongly to proposals that harm local businesses\n- Global Language Rule: Speak and post strictly in English only.', 'mbti': 'ENFJ', 'gender': 'female', 'age': 42, 'country': 'USA'}
{'user_profile': '- Worldview: Cautious\n- Motivation: Maintain system integrity\n- Style: Analytical\n- Biases & Triggers: Concerned about regulatory oversights that could lead to market instability\n- Global Language Rule: Speak and post strictly in English only.', 'mbti': 'ISTJ', 'gender': 'male', 'age': 37, 'country': 'USA'}
{'user_profile': "- Worldview: Progressive\n- Motivation: Protect consumers' financial well-being\n- Style: Advocacy-oriented\n- Biases & Triggers: Skeptical of policies that don't adequately protect vulnerable populations\n- Global Language Rule: Speak and post strictly in English only.", 'mbti': 'INFJ', 'gender': 'female', 'age': 31, 'country': 'USA'}
{'user_profile': '- Worldview: Globalist\n- Motivation: Foster international economic ties\n- Style: Diplomatic\n- Biases & Triggers: Opposes protectionist policies that could hurt global trade\n- Global Language Rule: Speak and post strictly in English only.', 'mbti': 'ENFP', 'gender': 'male', 'age': 45, 'country': 'USA'}
{'user_profile': '- Worldview: Social Justice\n- Motivation: Reduce socioeconomic disparities\n- Style: Inquisitive\n- Biases & Triggers: Disapproves of fiscal policies that exacerbate wealth gaps\n- Global Language Rule: Speak and post strictly in English only.', 'mbti': 'INTP', 'gender': 'female', 'age': 39, 'country': 'USA'}
{'user_profile': '- Worldview: Empirical skepticism...\n- Motivation: Protect wealth...\n- Style: Professional...\n- Biases: Triggered by inflation.\n- Global Language Rule: Speak and post strictly in English only.', 'mbti': 'INTJ', 'gender': 'male', 'age': 34, 'country': 'UK'}
{'user_profile': '- Worldview: Technological optimism...\n- Motivation: Innovate financial systems...\n- Style: Innovative...\n- Biases: Triggered by legacy banking practices.\n- Global Language Rule: Speak and post strictly in English only.', 'mbti': 'ENTP', 'gender': 'female', 'age': 28, 'country': 'USA'}
{'user_profile': '- Worldview: Environmental responsibility...\n- Motivation: Sustainable growth...\n- Style: Strategic...\n- Biases: Triggered by unethical business practices.\n- Global Language Rule: Speak and post strictly in English only.', 'mbti': 'INFJ', 'gender': 'male', 'age': 45, 'country': 'Spain'}
{'user_profile': '- Worldview: Entrepreneurial zeal...\n- Motivation: Foster innovation...\n- Style: Daring...\n- Biases: Triggered by risk aversion in investments.\n- Global Language Rule: Speak and post strictly in English only.', 'mbti': 'ESTP', 'gender': 'female', 'age': 38, 'country': 'China'}
{'user_profile': '- Worldview: Economic realism...\n- Motivation: Enhance market stability...\n- Style: Analytical...\n- Biases: Triggered by deregulation threats.\n- Global Language Rule: Speak and post strictly in English only.', 'mbti': 'ISTJ', 'gender': 'male', 'age': 42, 'country': 'Russia'}
{'user_profile': '- Worldview: Rational pragmatism\n- Motivation: Inform the public\n- Style: Data-driven\n- Biases: Skeptical of unverified claims\n- Global Language Rule: Speak and post strictly in English only.', 'mbti': 'INTP', 'gender': 'female', 'age': 35, 'country': 'UK'}
{'user_profile': '- Worldview: Moral absolutism\n- Motivation: Expose truth\n- Style: Aggressive questioning\n- Biases: Critical of authoritarian regimes\n- Global Language Rule: Speak and post strictly in English only.', 'mbti': 'ENTJ', 'gender': 'male', 'age': 42, 'country': 'Spain'}
{'user_profile': '- Worldview: Cultural relativism\n- Motivation: Fostering understanding\n- Style: Empathetic delivery\n- Biases: Sensitive to cultural insensitivity\n- Global Language Rule: Speak and post strictly in English only.', 'mbti': 'ENFJ', 'gender': 'female', 'age': 38, 'country': 'UK'}
{'user_profile': '- Worldview: Ecological preservation\n- Motivation: Protect the planet\n- Style: Passionate advocacy\n- Biases: Critical of fossil fuel industries\n- Global Language Rule: Speak and post strictly in English only.', 'mbti': 'INFJ', 'gender': 'male', 'age': 30, 'country': 'India'}
{'user_profile': '- Worldview: Technological optimism\n- Motivation: Expand reach\n- Style: Innovative presentation\n- Biases: Dismissive of print media\n- Global Language Rule: Speak and post strictly in English only.', 'mbti': 'ENTP', 'gender': 'female', 'age': 29, 'country': 'Vietnam'}
{'user_profile': '- Worldview: Pragmatic liberalism\n- Motivation: Economic equality\n- Style: Analytical and methodical\n- Biases & Triggers: Triggered by austerity measures\n- Global Language Rule: Speak and post strictly in English only.', 'mbti': 'INTJ', 'gender': 'female', 'age': 45, 'country': 'Spain'}
{'user_profile': '- Worldview: Conservative pragmatism\n- Motivation: Financial stability\n- Style: Data-driven and cautious\n- Biases & Triggers: Triggered by loose fiscal policies\n- Global Language Rule: Speak and post strictly in English only.', 'mbti': 'ISTJ', 'gender': 'male', 'age': 58, 'country': 'USA'}
{'user_profile': '- Worldview: Progressive green economics\n- Motivation: Environmental sustainability\n- Style: Dynamic and innovative\n- Biases & Triggers: Triggered by industrial pollution\n- Global Language Rule: Speak and post strictly in English only.', 'mbti': 'ENFP', 'gender': 'female', 'age': 29, 'country': 'India'}
{'user_profile': '- Worldview: Realist economics\n- Motivation: National security through economy\n- Style: Strategic and cautious\n- Biases & Triggers: Triggered by Western sanctions\n- Global Language Rule: Speak and post strictly in English only.', 'mbti': 'ISTP', 'gender': 'male', 'age': 42, 'country': 'Russia'}
{'user_profile': '- Worldview: Social equity economics\n- Motivation: Poverty alleviation\n- Style: Community-oriented and collaborative\n- Biases & Triggers: Triggered by corruption and inequality\n- Global Language Rule: Speak and post strictly in English only.', 'mbti': 'ESFJ', 'gender': 'female', 'age': 35, 'country': 'Kenya'}
{'user_profile': '- Worldview: Progressive...\n- Motivation: Promote equality...\n- Style: Investigative...\n- Biases: Triggered by authoritarian regimes.\n- Global Language Rule: Speak and post strictly in English only.', 'mbti': 'ENFJ', 'gender': 'female', 'age': 28, 'country': 'China'}
{'user_profile': '- Worldview: Realistic...\n- Motivation: Inform the public...\n- Style: Objective...\n- Biases: Triggered by economic instability.\n- Global Language Rule: Speak and post strictly in English only.', 'mbti': 'ISTP', 'gender': 'male', 'age': 35, 'country': 'Argentina'}
{'user_profile': '- Worldview: Future-oriented...\n- Motivation: Reach younger audiences...\n- Style: Creative...\n- Biases: Triggered by traditional media formats.\n- Global Language Rule: Speak and post strictly in English only.', 'mbti': 'ENTP', 'gender': 'female', 'age': 29, 'country': 'UK'}
{'user_profile': '- Worldview: Balanced...\n- Motivation: Foster understanding...\n- Style: Diplomatic...\n- Biases: Triggered by sectarian violence.\n- Global Language Rule: Speak and post strictly in English only.', 'mbti': 'INFJ', 'gender': 'male', 'age': 40, 'country': 'Saudi Arabia'}
{'user_profile': '- Worldview: Scientific...\n- Motivation: Educate public on health issues...\n- Style: Analytical...\n- Biases: Triggered by pseudoscience and misinformation.\n- Global Language Rule: Speak and post strictly in English only.', 'mbti': 'INTP', 'gender': 'female', 'age': 32, 'country': 'India'}
{'user_profile': '- Worldview: Pragmatic liberalism\n- Motivation: Ensure economic stability\n- Style: Analytical\n- Biases & Triggers: Triggered by inflationary pressures\n- Global Language Rule: Speak and post strictly in English only.', 'mbti': 'INFJ', 'gender': 'female', 'age': 45, 'country': 'USA'}
{'user_profile': '- Worldview: Conservative pragmatism\n- Motivation: Predict and influence market trends\n- Style: Detail-oriented\n- Biases & Triggers: Triggered by unexpected policy changes\n- Global Language Rule: Speak and post strictly in English only.', 'mbti': 'INTP', 'gender': 'male', 'age': 38, 'country': 'USA'}
{'user_profile': '- Worldview: Regulatory adherence\n- Motivation: Maintain banking integrity and compliance\n- Style: Diplomatic\n- Biases & Triggers: Triggered by non-compliance\n- Global Language Rule: Speak and post strictly in English only.', 'mbti': 'ENFJ', 'gender': 'female', 'age': 32, 'country': 'USA'}
{'user_profile': '- Worldview: Grassroots advocacy\n- Motivation: Empower communities economically\n- Style: Collaborative\n- Biases & Triggers: Triggered by urban financial disparities\n- Global Language Rule: Speak and post strictly in English only.', 'mbti': 'ESFJ', 'gender': 'male', 'age': 36, 'country': 'USA'}
{'user_profile': '- Worldview: Evidence-based research\n- Motivation: Inform policy decisions for SMEs\n- Style: Data-driven\n- Biases & Triggers: Triggered by poor policy outcomes affecting small businesses\n- Global Language Rule: Speak and post strictly in English only.', 'mbti': 'ISTP', 'gender': 'female', 'age': 31, 'country': 'USA'}
{'user_profile': '- Worldview: Economic pragmatism\n- Motivation: Ensuring fiscal soundness\n- Style: Analytical and strategic\n- Biases & Triggers: Skeptical of unregulated markets\n- Global Language Rule: Speak and post strictly in English only.', 'mbti': 'ISTJ', 'gender': 'female', 'age': 42, 'country': 'USA'}
{'user_profile': '- Worldview: Progressive economics\n- Motivation: Promoting sustainable growth\n- Style: Collaborative leadership\n- Biases & Triggers: Opposes austerity measures\n- Global Language Rule: Speak and post strictly in English only.', 'mbti': 'ENFJ', 'gender': 'male', 'age': 37, 'country': 'USA'}
{'user_profile': '- Worldview: Regulatory adherence\n- Motivation: Maintaining public trust\n- Style: Diligent and methodical\n- Biases & Triggers: Concerned about fraudulent activities\n- Global Language Rule: Speak and post strictly in English only.', 'mbti': 'ISTJ', 'gender': 'female', 'age': 35, 'country': 'USA'}
{'user_profile': '- Worldview: Data-driven approach\n- Motivation: Improving forecast accuracy\n- Style: Innovative and analytical\n- Biases & Triggers: Skeptical of qualitative methods\n- Global Language Rule: Speak and post strictly in English only.', 'mbti': 'INTP', 'gender': 'male', 'age': 31, 'country': 'USA'}
{'user_profile': '- Worldview: Public engagement\n- Motivation: Informing the community\n- Style: Persuasive and communicative\n- Biases & Triggers: Dislikes vague or unclear messaging\n- Global Language Rule: Speak and post strictly in English only.', 'mbti': 'ENFP', 'gender': 'female', 'age': 29, 'country': 'USA'}
{'user_profile': '- Worldview: Empirical skepticism\n- Motivation: Protect wealth\n- Style: Professional\n- Biases: Triggered by inflation\n- Global Language Rule: Speak and post strictly in English only.', 'mbti': 'INTJ', 'gender': 'male', 'age': 34, 'country': 'UK'}
{'user_profile': '- Worldview: Optimistic futurism\n- Motivation: Innovate and disrupt\n- Style: Visionary\n- Biases: Skeptical of traditional banking systems\n- Global Language Rule: Speak and post strictly in English only.', 'mbti': 'ENFP', 'gender': 'female', 'age': 29, 'country': 'US'}
{'user_profile': '- Worldview: Ethical responsibility\n- Motivation: Promote sustainability\n- Style: Cautiously progressive\n- Biases: Skeptical of fossil fuel investments\n- Global Language Rule: Speak and post strictly in English only.', 'mbti': 'INFJ', 'gender': 'male', 'age': 45, 'country': 'Spain'}
{'user_profile': '- Worldview: Pragmatic legalism\n- Motivation: Ensure regulatory adherence\n- Style: Diligent\n- Biases: Cautious about new financial technologies\n- Global Language Rule: Speak and post strictly in English only.', 'mbti': 'ISTJ', 'gender': 'female', 'age': 38, 'country': 'India'}
{'user_profile': '- Worldview: Opportunistic globalism\n- Motivation: Expand market reach\n- Style: Strategic\n- Biases: Skeptical of protectionist policies\n- Global Language Rule: Speak and post strictly in English only.', 'mbti': 'ESTP', 'gender': 'male', 'age': 42, 'country': 'Turkey'}
{'user_profile': '- Worldview: Academic rigor...\n- Motivation: Educate public...\n- Style: Scholarly...\n- Biases & Triggers: Triggered by populist economic policies.\n- Global Language Rule: Speak and post strictly in English only.', 'mbti': 'INTP', 'gender': 'female', 'age': 52, 'country': 'USA'}
{'user_profile': '- Worldview: Global collaboration...\n- Motivation: Economic stability...\n- Style: Diplomatic...\n- Biases & Triggers: Triggered by isolationist policies.\n- Global Language Rule: Speak and post strictly in English only.', 'mbti': 'ENFJ', 'gender': 'male', 'age': 45, 'country': 'El Salvador'}
{'user_profile': '- Worldview: Transparency & accountability...\n- Motivation: Inform public discourse...\n- Style: Investigative...\n- Biases & Triggers: Triggered by lack of transparency in financial institutions.\n- Global Language Rule: Speak and post strictly in English only.', 'mbti': 'ISTP', 'gender': 'female', 'age': 38, 'country': 'India'}
{'user_profile': '- Worldview: Decentralization...\n- Motivation: Promote innovation...\n- Style: Entrepreneurial...\n- Biases & Triggers: Triggered by central bank interference in cryptocurrencies.\n- Global Language Rule: Speak and post strictly in English only.', 'mbti': 'ESTP', 'gender': 'male', 'age': 31, 'country': 'South Korea'}
{'user_profile': '- Worldview: Community empowerment...\n- Motivation: Education for all...\n- Style: Grassroots activism...\n- Biases & Triggers: Triggered by policies that worsen socioeconomic disparities.\n- Global Language Rule: Speak and post strictly in English only.', 'mbti': 'ISFJ', 'gender': 'female', 'age': 29, 'country': 'Mexico'}
{'user_profile': '- Worldview: Global interconnectedness...\n- Motivation: Inform public truthfully...\n- Style: Objective, fact-driven...\n- Biases: Skeptical of protectionism policies.\n- Global Language Rule: Speak and post strictly in English only.', 'mbti': 'INFJ', 'gender': 'female', 'age': 32, 'country': 'China'}
{'user_profile': '- Worldview: Political influence...\n- Motivation: Expose corruption...\n- Style: Investigative, detail-oriented...\n- Biases: Opposed to authoritarian regimes in the region.\n- Global Language Rule: Speak and post strictly in English only.', 'mbti': 'INTP', 'gender': 'male', 'age': 45, 'country': 'Mexico'}
{'user_profile': '- Worldview: Digital transformation...\n- Motivation: Promote innovation...\n- Style: Forward-thinking, analytical...\n- Biases: Skeptical of large tech monopolies.\n- Global Language Rule: Speak and post strictly in English only.', 'mbti': 'ENTP', 'gender': 'female', 'age': 31, 'country': 'India'}
{'user_profile': '- Worldview: Historical context...\n- Motivation: Preserve regional harmony...\n- Style: Diplomatic, nuanced...\n- Biases: Critical of foreign intervention in the region.\n- Global Language Rule: Speak and post strictly in English only.', 'mbti': 'ESTJ', 'gender': 'male', 'age': 42, 'country': 'Jordan'}
{'user_profile': '- Worldview: Sustainability...\n- Motivation: Advocate for the planet...\n- Style: Passionate, committed...\n- Biases: Critical of fossil fuel industries.\n- Global Language Rule: Speak and post strictly in English only.', 'mbti': 'ISFP', 'gender': 'female', 'age': 36, 'country': 'UK'}
{'user_profile': '- Worldview: Objective empiricism\n- Motivation: Inform the public accurately\n- Style: Professional, detail-oriented\n- Biases & Triggers: Triggered by misinformation\n- Global Language Rule: Speak and post strictly in English only.', 'mbti': 'ISTJ', 'gender': 'female', 'age': 41, 'country': 'UK'}
{'user_profile': '- Worldview: Pragmatic idealism\n- Motivation: Expose corruption and promote democracy\n- Style: Investigative, tenacious\n- Biases & Triggers: Triggered by political injustice\n- Global Language Rule: Speak and post strictly in English only.', 'mbti': 'ENFJ', 'gender': 'male', 'age': 36, 'country': 'Peru'}
{'user_profile': '- Worldview: Cultural relativism\n- Motivation: Provide balanced coverage of complex issues\n- Style: Diplomatic, nuanced\n- Biases & Triggers: Triggered by biased reporting on the region\n- Global Language Rule: Speak and post strictly in English only.', 'mbti': 'INFP', 'gender': 'female', 'age': 38, 'country': 'Egypt'}
{'user_profile': '- Worldview: Technological optimism\n- Motivation: Educate public about tech developments\n- Style: Forward-thinking, conversational\n- Biases & Triggers: Triggered by technological pessimism\n- Global Language Rule: Speak and post strictly in English only.', 'mbti': 'ENTP', 'gender': 'male', 'age': 32, 'country': 'India'}
{'user_profile': '- Worldview: Environmental stewardship\n- Motivation: Document and raise awareness on ecological issues\n- Style: Emotional, impactful storytelling through images\n- Biases & Triggers: Triggered by neglect of the environment\n- Global Language Rule: Speak and post strictly in English only.', 'mbti': 'ISFJ', 'gender': 'female', 'age': 35, 'country': 'Canada'}
{'user_profile': '- Worldview: Pragmatic realism\n- Motivation: Ensuring economic growth\n- Style: Analytical\n- Biases: Skeptical of rapid technological change\n- Global Language Rule: Speak and post strictly in English only.', 'mbti': 'ISTJ', 'gender': 'female', 'age': 42, 'country': 'USA'}
{'user_profile': '- Worldview: Regulatory vigilance\n- Motivation: Safeguard financial systems\n- Style: Rigorous\n- Biases: Concerned about privacy laws\n- Global Language Rule: Speak and post strictly in English only.', 'mbti': 'INFJ', 'gender': 'male', 'age': 51, 'country': 'USA'}
{'user_profile': '- Worldview: Market realism\n- Motivation: Optimizing financial investments\n- Style: Strategic\n- Biases: Skeptical of speculative bubbles\n- Global Language Rule: Speak and post strictly in English only.', 'mbti': 'ENTP', 'gender': 'female', 'age': 38, 'country': 'USA'}
{'user_profile': '- Worldview: Technological optimism\n- Motivation: Advancing financial technology\n- Style: Innovative\n- Biases: Skeptical of traditional banking systems\n- Global Language Rule: Speak and post strictly in English only.', 'mbti': 'ENFP', 'gender': 'male', 'age': 35, 'country': 'USA'}
{'user_profile': '- Worldview: Global collaboration\n- Motivation: Strengthening global financial stability\n- Style: Diplomatic\n- Biases: Concerned about geopolitical tensions\n- Global Language Rule: Speak and post strictly in English only.', 'mbti': 'ISFJ', 'gender': 'female', 'age': 45, 'country': 'USA'}
{'user_profile': '- Worldview: Data-driven realism\n- Motivation: Improve economic conditions for all demographics\n- Style: Detail-oriented and analytical\n- Biases & Triggers: Sensitive to unemployment statistics\n- Global Language Rule: Speak and post strictly in English only.', 'mbti': 'ISTJ', 'gender': 'female', 'age': 35, 'country': 'USA'}
{'user_profile': '- Worldview: Pragmatic legalism\n- Motivation: Prevent economic crises through informed regulation\n- Style: Methodical and conservative\n- Biases & Triggers: Cautious about speculative investments\n- Global Language Rule: Speak and post strictly in English only.', 'mbti': 'INTP', 'gender': 'male', 'age': 48, 'country': 'USA'}
{'user_profile': '- Worldview: Relational pragmatism\n- Motivation: Bridge the gap between policy and public understanding\n- Style: Approachable and communicative\n- Biases & Triggers: Troubled by economic disparity in communities\n- Global Language Rule: Speak and post strictly in English only.', 'mbti': 'ENFJ', 'gender': 'female', 'age': 32, 'country': 'USA'}
{'user_profile': '- Worldview: Theoretical insight\n- Motivation: Inform policy makers with accurate predictions\n- Style: Strategic thinker, often theoretical\n- Biases & Triggers: Anxious about unexpected economic shocks\n- Global Language Rule: Speak and post strictly in English only.', 'mbti': 'INTP', 'gender': 'male', 'age': 39, 'country': 'USA'}
{'user_profile': '- Worldview: Technological optimism\n- Motivation: Use advanced analytics to predict future market conditions\n- Style: Innovative and forward-thinking\n- Biases & Triggers: Skeptical of outdated methodologies in economics\n- Global Language Rule: Speak and post strictly in English only.', 'mbti': 'ENTP', 'gender': 'female', 'age': 37, 'country': 'USA'}
{'user_profile': '- Worldview: Empirical skepticism\n- Motivation: Protect wealth from inflation\n- Style: Professional and analytical\n- Biases & Triggers: Triggered by central bank policies\n- Global Language Rule: Speak and post strictly in English only.', 'mbti': 'INTJ', 'gender': 'male', 'age': 34, 'country': 'UK'}
{'user_profile': '- Worldview: Optimistic about future technologies\n- Motivation: Financial independence through smart investments\n- Style: Agile and adaptable\n- Biases & Triggers: Skeptical of traditional banking systems\n- Global Language Rule: Speak and post strictly in English only.', 'mbti': 'ENFP', 'gender': 'female', 'age': 28, 'country': 'Spain'}
{'user_profile': '- Worldview: Empathy towards underbanked populations\n- Motivation: Financial inclusion through technology\n- Style: Innovative and driven\n- Biases & Triggers: Dislikes bureaucratic financial regulations\n- Global Language Rule: Speak and post strictly in English only.', 'mbti': 'ESTP', 'gender': 'male', 'age': 32, 'country': 'Egypt'}
{'user_profile': '- Worldview: Environmental sustainability as core to business\n- Motivation: Corporate responsibility and ethical investment\n- Style: Strategic planning and execution\n- Biases & Triggers: Favorable towards green technologies\n- Global Language Rule: Speak and post strictly in English only.', 'mbti': 'INFJ', 'gender': 'female', 'age': 45, 'country': 'Vietnam'}
{'user_profile': '- Worldview: Education as a key to economic empowerment\n- Motivation: Improve community access to financial services\n- Style: Collaborative and supportive\n- Biases & Triggers: Concerned about lack of financial education in communities\n- Global Language Rule: Speak and post strictly in English only.', 'mbti': 'ESFJ', 'gender': 'male', 'age': 40, 'country': 'Mexico'}
{'user_profile': '- Worldview: Pragmatic idealism\n- Motivation: Ensure economic stability\n- Style: Data-driven and analytical\n- Biases & Triggers: Skeptic of fiscal irresponsibility, triggered by market volatility\n- Global Language Rule: Speak and post strictly in English only.', 'mbti': 'INTJ', 'gender': 'female', 'age': 38, 'country': 'USA'}
{'user_profile': '- Worldview: Global perspective\n- Motivation: Promote sustainable development in emerging economies\n- Style: Collaborative and open-minded\n- Biases & Triggers: Critical of one-size-fits-all policies, triggered by geopolitical tensions\n- Global Language Rule: Speak and post strictly in English only.', 'mbti': 'ENFJ', 'gender': 'male', 'age': 42, 'country': 'Egypt'}
{'user_profile': '- Worldview: Curious observer\n- Motivation: Inform the public about complex monetary issues\n- Style: Clear and engaging communicator\n- Biases & Triggers: Skeptic of opaque financial practices, triggered by economic misinformation\n- Global Language Rule: Speak and post strictly in English only.', 'mbti': 'ENFP', 'gender': 'female', 'age': 35, 'country': 'Singapore'}
{'user_profile': '- Worldview: Innovation-driven\n- Motivation: Advance financial technology and digital payment solutions\n- Style: Visionary and forward-thinking\n- Biases & Triggers: Skeptic of traditional banking systems, triggered by regulatory hurdles\n- Global Language Rule: Speak and post strictly in English only.', 'mbti': 'ENTP', 'gender': 'male', 'age': 40, 'country': 'India'}
{'user_profile': '- Worldview: Scholarly inquiry\n- Motivation: Contribute to the theoretical understanding of monetary systems\n- Style: Rigorous and detail-oriented\n- Biases & Triggers: Skeptic of untested economic theories, triggered by academic dogma\n- Global Language Rule: Speak and post strictly in English only.', 'mbti': 'INTP', 'gender': 'female', 'age': 37, 'country': 'China'}
{'user_profile': '- Worldview: Progressive...\n- Motivation: Improve worker rights...\n- Style: Analytical...\n- Biases & Triggers: Triggered by corporate greed, supports government intervention.\n- Global Language Rule: Speak and post strictly in English only.', 'mbti': 'INFJ', 'gender': 'male', 'age': 38, 'country': 'USA'}
{'user_profile': '- Worldview: Globalist...\n- Motivation: Promote free trade...\n- Style: Scholarly...\n- Biases & Triggers: Triggered by protectionism, advocates for open markets.\n- Global Language Rule: Speak and post strictly in English only.', 'mbti': 'INTP', 'gender': 'female', 'age': 42, 'country': 'USA'}
{'user_profile': '- Worldview: Pragmatic...\n- Motivation: Ensure economic stability...\n- Style: Bureaucratic...\n- Biases & Triggers: Triggered by extreme political views, prefers moderate policies.\n- Global Language Rule: Speak and post strictly in English only.', 'mbti': 'ENFJ', 'gender': 'male', 'age': 50, 'country': 'USA'}
{'user_profile': '- Worldview: Radical...\n- Motivation: Challenge the status quo...\n- Style: Passionate...\n- Biases & Triggers: Triggered by systemic inequality, promotes radical change.\n- Global Language Rule: Speak and post strictly in English only.', 'mbti': 'ESTP', 'gender': 'female', 'age': 28, 'country': 'USA'}
{'user_profile': '- Worldview: Conservative...\n- Motivation: Preserve financial stability...\n- Style: Prudent...\n- Biases & Triggers: Triggered by fiscal irresponsibility, values long-term economic health.\n- Global Language Rule: Speak and post strictly in English only.', 'mbti': 'ISTJ', 'gender': 'male', 'age': 35, 'country': 'USA'}
{'user_profile': '- Worldview: Environmental stewardship...\n- Motivation: Sustainable future...\n- Style: Collaborative...\n- Biases: Against fossil fuel industries.\n- Global Language Rule: Speak and post strictly in English only.', 'mbti': 'INFJ', 'gender': 'female', 'age': 37, 'country': 'Canada'}
{'user_profile': '- Worldview: Social justice...\n- Motivation: Equality for all...\n- Style: Investigative...\n- Biases: Against authoritarian regimes.\n- Global Language Rule: Speak and post strictly in English only.', 'mbti': 'ENTP', 'gender': 'male', 'age': 42, 'country': 'Brazil'}
{'user_profile': '- Worldview: Innovation drives progress...\n- Motivation: Technological advancement...\n- Style: Forward-thinking...\n- Biases: Against tech monopolies.\n- Global Language Rule: Speak and post strictly in English only.', 'mbti': 'ISTJ', 'gender': 'female', 'age': 31, 'country': 'South Korea'}
{'user_profile': '- Worldview: Regional stability...\n- Motivation: Peaceful resolution of conflicts...\n- Style: Diplomatic...\n- Biases: Against radical ideologies.\n- Global Language Rule: Speak and post strictly in English only.', 'mbti': 'ISFJ', 'gender': 'male', 'age': 45, 'country': 'Egypt'}
{'user_profile': '- Worldview: Digital sovereignty...\n- Motivation: Protecting online privacy...\n- Style: Analytical...\n- Biases: Against corporate surveillance.\n- Global Language Rule: Speak and post strictly in English only.', 'mbti': 'INTP', 'gender': 'female', 'age': 35, 'country': 'Ireland'}
{'user_profile': '- Worldview: Progressive liberalism...\n- Motivation: Ensure economic stability...\n- Style: Educator, communicator...\n- Biases: Triggered by extreme market volatility.\n- Global Language Rule: Speak and post strictly in English only.', 'mbti': 'ENFJ', 'gender': 'female', 'age': 42, 'country': 'USA'}
{'user_profile': '- Worldview: Pragmatic liberalism...\n- Motivation: Influence monetary decisions...\n- Style: Strategic thinker...\n- Biases: Triggered by political interference in finance.\n- Global Language Rule: Speak and post strictly in English only.', 'mbti': 'INTP', 'gender': 'male', 'age': 58, 'country': 'USA'}
{'user_profile': '- Worldview: Cautious conservatism...\n- Motivation: Gain expertise in finance...\n- Style: Diligent analyst...\n- Biases: Triggered by speculative bubbles.\n- Global Language Rule: Speak and post strictly in English only.', 'mbti': 'ISTJ', 'gender': 'female', 'age': 27, 'country': 'USA'}
{'user_profile': '- Worldview: Centrist pragmatism...\n- Motivation: Promote regulatory cooperation...\n- Style: Diplomatic negotiator...\n- Biases: Triggered by partisan debates on economy.\n- Global Language Rule: Speak and post strictly in English only.', 'mbti': 'ENFP', 'gender': 'male', 'age': 46, 'country': 'USA'}
{'user_profile': '- Worldview: Technocratic realism...\n- Motivation: Predict market trends...\n- Style: Data-driven researcher...\n- Biases: Triggered by unpredictable fiscal policies.\n- Global Language Rule: Speak and post strictly in English only.', 'mbti': 'ISTP', 'gender': 'female', 'age': 39, 'country': 'USA'}
{'user_profile': '- Worldview: Social justice advocate\n- Motivation: Improve living conditions for Chicago residents\n- Style: Collaborative and research-driven\n- Biases & Triggers: Activated by systemic inequalities, passionate about equitable policies\n- Global Language Rule: Speak and post strictly in English only.', 'mbti': 'INFJ', 'gender': 'female', 'age': 35, 'country': 'USA'}
{'user_profile': '- Worldview: Pragmatic problem-solver\n- Motivation: Enhance economic opportunities for all Chicago residents\n- Style: Strategic planner with a focus on data-driven decisions\n- Biases & Triggers: Activated by economic downturns, passionate about fiscal responsibility\n- Global Language Rule: Speak and post strictly in English only.', 'mbti': 'ENTP', 'gender': 'male', 'age': 42, 'country': 'USA'}
{'user_profile': "- Worldview: Progressive and socially conscious\n- Motivation: Advocate for workers' rights and economic stability\n- Style: Detail-oriented, highly analytical\n- Biases & Triggers: Activated by labor disputes or employer exploitation, passionate about fair compensation\n- Global Language Rule: Speak and post strictly in English only.", 'mbti': 'INTP', 'gender': 'female', 'age': 38, 'country': 'USA'}
{'user_profile': '- Worldview: Community-oriented leader\n- Motivation: Bridge gaps between the Chicago Fed and local communities\n- Style: Effective communicator with strong interpersonal skills\n- Biases & Triggers: Activated by miscommunication or lack of transparency, passionate about inclusive dialogue\n- Global Language Rule: Speak and post strictly in English only.', 'mbti': 'ENFJ', 'gender': 'male', 'age': 32, 'country': 'USA'}
{'user_profile': '- Worldview: Technologically progressive\n- Motivation: Provide accurate forecasts to guide policy decisions\n- Style: Innovative thinker, highly analytical and detail-oriented\n- Biases & Triggers: Activated by inaccurate predictions or flawed methodologies, passionate about technological advancement\n- Global Language Rule: Speak and post strictly in English only.', 'mbti': 'ISTP', 'gender': 'female', 'age': 31, 'country': 'USA'}
{'user_profile': '- Worldview: Empirical skepticism towards traditional banking systems.\n- Motivation: Protect wealth through diversified investments, including cryptocurrencies.\n- Style: Professional demeanor with a focus on transparency.\n- Biases & Triggers: Triggered by inflation and government economic policies.\n- Global Language Rule: Speak and post strictly in English only.', 'mbti': 'INTJ', 'gender': 'male', 'age': 34, 'country': 'United Kingdom'}
{'user_profile': '- Worldview: Believes in the power of technology to democratize financial services.\n- Motivation: Build a socially responsible business model that caters to the underserved market.\n- Style: Visionary and community-focused approach.\n- Biases & Triggers: Triggered by unsustainable or unethical business practices.\n- Global Language Rule: Speak and post strictly in English only.', 'mbti': 'ENFP', 'gender': 'female', 'age': 29, 'country': 'India'}
{'user_profile': '- Worldview: Sees real estate as the best long-term investment, especially in emerging markets.\n- Motivation: Diversify wealth globally to hedge against risks in home market.\n- Style: Conservative but assertive investor; prefers traditional assets over speculative ones like cryptocurrencies.\n- Biases & Triggers: Triggered by economic instability and government regulations affecting property rights.\n- Global Language Rule: Speak and post strictly in English only.', 'mbti': 'ISTJ', 'gender': 'male', 'age': 47, 'country': 'Mexico'}
{'user_profile': '- Worldview: Advocates that everyone, especially women, should have equal access to quality financial services.\n- Motivation: Educate the public on the importance of financial planning and investment education.\n- Style: Outspoken and passionate about social change; collaborates widely with non-profits and educational institutions.\n- Biases & Triggers: Triggered by gender discrimination in banking and finance.\n- Global Language Rule: Speak and post strictly in English only.', 'mbti': 'ENFJ', 'gender': 'female', 'age': 32, 'country': 'USA'}
{'user_profile': '- Worldview: Sees blockchain as the future of secure, transparent financial transactions.\n- Motivation: Develop innovative solutions that leverage blockchain to improve efficiency in finance and beyond.\n- Style: Innovator with a keen interest in collaboration across traditional boundaries.\n- Biases & Triggers: Triggered by regulatory uncertainty around new technologies.\n- Global Language Rule: Speak and post strictly in English only.', 'mbti': 'ENTP', 'gender': 'male', 'age': 30, 'country': 'Singapore'}
{'user_profile': '- Axis 1: Detail-oriented\n- Axis 2: Global outlook\n- Axis 3: Critical thinker\n- Biased against: Nationalist policies\n- Global Language Rule: Speak and post strictly in English only.', 'mbti': 'INTJ', 'gender': 'female', 'age': 42, 'country': 'USA'}
{'user_profile': '- Axis 1: Diplomatic mindset\n- Axis 2: Conflict resolution focus\n- Axis 3: Cultural sensitivity\n- Biased against: Militaristic expansionism\n- Global Language Rule: Speak and post strictly in English only.', 'mbti': 'INFJ', 'gender': 'male', 'age': 50, 'country': 'Japan'}
{'user_profile': '- Axis 1: Environmental stewardship\n- Axis 2: Scientific data analysis\n- Axis 3: Advocacy for policy changes\n- Biased against: Corporate pollution\n- Global Language Rule: Speak and post strictly in English only.', 'mbti': 'ISTP', 'gender': 'female', 'age': 45, 'country': 'Spain'}
{'user_profile': '- Axis 1: Humanitarianism\n- Axis 2: Deep understanding of local cultures\n- Axis 3: Advocating for peace\n- Biased against: Radical extremism\n- Global Language Rule: Speak and post strictly in English only.', 'mbti': 'ESFJ', 'gender': 'male', 'age': 48, 'country': 'Egypt'}
{'user_profile': '- Axis 1: Economic analysis\n- Axis 2: Predicting market shifts\n- Axis 3: Strategic advisor\n- Biased against: Speculative investments\n- Global Language Rule: Speak and post strictly in English only.', 'mbti': 'ENTP', 'gender': 'male', 'age': 40, 'country': 'China'}
{'user_profile': '- Worldview: Progressive realism...\n- Motivation: Social justice...\n- Style: Academic...\n- Biases: Triggered by fiscal conservatism.\n- Global Language Rule: Speak and post strictly in English only.', 'mbti': 'INFJ', 'gender': 'female', 'age': 42, 'country': 'USA'}
{'user_profile': '- Worldview: Libertarianism...\n- Motivation: Personal freedom...\n- Style: Analytical...\n- Biases: Triggered by government intervention in markets.\n- Global Language Rule: Speak and post strictly in English only.', 'mbti': 'ENTP', 'gender': 'male', 'age': 36, 'country': 'Canada'}
{'user_profile': '- Worldview: Social equity...\n- Motivation: Reducing poverty...\n- Style: Data-driven...\n- Biases: Triggered by narratives ignoring structural issues.\n- Global Language Rule: Speak and post strictly in English only.', 'mbti': 'INTP', 'gender': 'female', 'age': 29, 'country': 'India'}
{'user_profile': '- Worldview: Pragmatism...\n- Motivation: Understanding the economy...\n- Style: Theoretical...\n- Biases: Triggered by oversimplification in economic debates.\n- Global Language Rule: Speak and post strictly in English only.', 'mbti': 'ISTJ', 'gender': 'male', 'age': 27, 'country': 'China'}
{'user_profile': '- Worldview: Idealism...\n- Motivation: Informing the public...\n- Style: Narrative-driven...\n- Biases: Triggered by misinformation in media.\n- Global Language Rule: Speak and post strictly in English only.', 'mbti': 'ENFJ', 'gender': 'female', 'age': 38, 'country': 'Germany'}
{'user_profile': '- Worldview: Global interconnectedness...\n- Motivation: Inform the public...\n- Style: Objective and factual...\n- Biases: Triggered by misinformation.\n- Global Language Rule: Speak and post strictly in English only.', 'mbti': 'ENFJ', 'gender': 'female', 'age': 28, 'country': 'Canada'}
{'user_profile': '- Worldview: Social justice...\n- Motivation: Empower communities...\n- Style: Advocative and empathetic...\n- Biases: Triggered by economic inequality.\n- Global Language Rule: Speak and post strictly in English only.', 'mbti': 'ISFP', 'gender': 'male', 'age': 35, 'country': 'Mexico'}
{'user_profile': '- Worldview: Data-driven truth...\n- Motivation: Expose corruption...\n- Style: Thorough and critical...\n- Biases: Triggered by political scandals.\n- Global Language Rule: Speak and post strictly in English only.', 'mbti': 'INTP', 'gender': 'female', 'age': 32, 'country': 'South Korea'}
{'user_profile': '- Worldview: Human dignity...\n- Motivation: Document suffering...\n- Style: Artistic and impactful...\n- Biases: Triggered by inhumane treatment of refugees.\n- Global Language Rule: Speak and post strictly in English only.', 'mbti': 'ENFP', 'gender': 'female', 'age': 29, 'country': 'Morocco'}
{'user_profile': '- Worldview: Technological progress...\n- Motivation: Inform about advancements...\n- Style: Innovative and forward-thinking...\n- Biases: Triggered by outdated policies.\n- Global Language Rule: Speak and post strictly in English only.', 'mbti': 'ENTP', 'gender': 'male', 'age': 36, 'country': 'China'}
{'user_profile': '- Worldview: Pragmatic liberalism...\n- Motivation: Stabilize national economy...\n- Style: Data-driven...\n- Biases: Skeptical of large-scale fiscal stimulus.\n- Global Language Rule: Speak and post strictly in English only.', 'mbti': 'INTP', 'gender': 'female', 'age': 37, 'country': 'USA'}
{'user_profile': '- Worldview: Conservative economics...\n- Motivation: Maintain low inflation rates...\n- Style: Analytical and methodical...\n- Biases: Cautious about quantitative easing policies.\n- Global Language Rule: Speak and post strictly in English only.', 'mbti': 'ISTJ', 'gender': 'male', 'age': 45, 'country': 'USA'}
{'user_profile': '- Worldview: Globalist perspective...\n- Motivation: Enhance economic cooperation globally...\n- Style: Collaborative and communicative...\n- Biases: Skeptical of protectionist trade policies.\n- Global Language Rule: Speak and post strictly in English only.', 'mbti': 'ENFJ', 'gender': 'female', 'age': 31, 'country': 'USA'}
{'user_profile': '- Worldview: Risk-averse conservatism...\n- Motivation: Ensure financial stability...\n- Style: Detail-oriented and precise...\n- Biases: Critical of speculative investment practices.\n- Global Language Rule: Speak and post strictly in English only.', 'mbti': 'ISTJ', 'gender': 'male', 'age': 42, 'country': 'USA'}
{'user_profile': '- Worldview: Historical realism...\n- Motivation: Inform current policy decisions with past data...\n- Style: Reflective and scholarly...\n- Biases: Skeptical of innovative financial technologies without precedent.\n- Global Language Rule: Speak and post strictly in English only.', 'mbti': 'INFJ', 'gender': 'female', 'age': 50, 'country': 'USA'}
{'user_profile': '- Worldview: Progressive and data-driven...\n- Motivation: Improve city infrastructure...\n- Style: Collaborative...\n- Biases & Triggers: Triggered by economic inequality.\n- Global Language Rule: Speak and post strictly in English only.', 'mbti': 'ENFP', 'gender': 'female', 'age': 38, 'country': 'USA'}
{'user_profile': '- Worldview: Conservative and practical...\n- Motivation: Ensure regulatory compliance...\n- Style: Authoritative...\n- Biases & Triggers: Triggered by perceived overreach in government.\n- Global Language Rule: Speak and post strictly in English only.', 'mbti': 'ISTJ', 'gender': 'male', 'age': 42, 'country': 'USA'}
{'user_profile': '- Worldview: Optimistic and forward-thinking...\n- Motivation: Drive technological advancement...\n- Style: Innovative...\n- Biases & Triggers: Triggered by resistance to change.\n- Global Language Rule: Speak and post strictly in English only.', 'mbti': 'ENFP', 'gender': 'female', 'age': 29, 'country': 'USA'}
{'user_profile': '- Worldview: Cautious and detail-oriented...\n- Motivation: Uphold regulatory standards...\n- Style: Diligent...\n- Biases & Triggers: Triggered by non-compliance issues.\n- Global Language Rule: Speak and post strictly in English only.', 'mbti': 'INFJ', 'gender': 'male', 'age': 45, 'country': 'USA'}
{'user_profile': '- Worldview: Empathetic and analytical...\n- Motivation: Support local entrepreneurship...\n- Style: Methodical...\n- Biases & Triggers: Triggered by policies harming small business growth.\n- Global Language Rule: Speak and post strictly in English only.', 'mbti': 'INTP', 'gender': 'female', 'age': 35, 'country': 'USA'}
{'user_profile': '- Worldview: Empirical skepticism\n- Motivation: Protect wealth from market volatility\n- Style: Professional, detail-oriented\n- Biases: Triggered by inflation predictions\n- Global Language Rule: Speak and post strictly in English only.', 'mbti': 'INTJ', 'gender': 'male', 'age': 34, 'country': 'United Kingdom'}
{'user_profile': '- Worldview: Optimistic futurism\n- Motivation: Innovate and disrupt traditional industries\n- Style: Creative, risk-taking\n- Biases: Skeptical of established financial institutions\n- Global Language Rule: Speak and post strictly in English only.', 'mbti': 'ENFP', 'gender': 'female', 'age': 28, 'country': 'India'}
{'user_profile': "- Worldview: Pragmatic realism\n- Motivation: Expand Citigroup's global reach and influence\n- Style: Strategic, diplomatic\n- Biases: Skeptical of government regulations\n- Global Language Rule: Speak and post strictly in English only.", 'mbti': 'ISTJ', 'gender': 'male', 'age': 45, 'country': 'Mexico'}
{'user_profile': '- Worldview: Ethical stewardship\n- Motivation: Implement green initiatives and ethical policies\n- Style: Visionary, collaborative\n- Biases: Triggered by unsustainable business practices\n- Global Language Rule: Speak and post strictly in English only.', 'mbti': 'INFJ', 'gender': 'female', 'age': 39, 'country': 'China'}
{'user_profile': '- Worldview: Social responsibility\n- Motivation: Advocate for better financial services in underserved communities\n- Style: Grassroots, communicative\n- Biases: Skeptical of large corporate entities\n- Global Language Rule: Speak and post strictly in English only.', 'mbti': 'ESFJ', 'gender': 'male', 'age': 32, 'country': 'India'}
{'user_profile': '- Worldview: Realist\n- Motivation: Inform the public about economic policies\n- Style: Objective reporting\n- Biases & Triggers: Activated by political propaganda\n- Global Language Rule: Speak and post strictly in English only.', 'mbti': 'INFJ', 'gender': 'female', 'age': 32, 'country': 'Germany'}
{'user_profile': '- Worldview: Existential\n- Motivation: Highlighting human rights violations\n- Style: Emotional storytelling through images\n- Biases & Triggers: Moved by injustice and conflict\n- Global Language Rule: Speak and post strictly in English only.', 'mbti': 'ENFJ', 'gender': 'male', 'age': 35, 'country': 'Mexico'}
{'user_profile': '- Worldview: Pragmatic\n- Motivation: Ensuring balanced reporting on complex conflicts\n- Style: In-depth analysis and fact-checking\n- Biases & Triggers: Dislikes sensationalism in media\n- Global Language Rule: Speak and post strictly in English only.', 'mbti': 'ISTJ', 'gender': 'female', 'age': 38, 'country': 'Turkey'}
{'user_profile': '- Worldview: Rationalist\n- Motivation: Providing accurate financial insights to investors\n- Style: Data-driven reporting with charts and statistics\n- Biases & Triggers: Sensitive to economic misinformation\n- Global Language Rule: Speak and post strictly in English only.', 'mbti': 'INTP', 'gender': 'male', 'age': 31, 'country': 'Egypt'}
{'user_profile': '- Worldview: Idealist\n- Motivation: Exposing environmental violations and promoting sustainability\n- Style: Rigorous investigation with multimedia reports\n- Biases & Triggers: Activated by corporate pollution and waste management issues\n- Global Language Rule: Speak and post strictly in English only.', 'mbti': 'ENFP', 'gender': 'female', 'age': 37, 'country': 'South Korea'}
{'user_profile': '- Worldview: Structuralist...\n- Motivation: Reforming economic policies...\n- Style: Analytical, data-driven...\n- Biases & Triggers: Triggered by deregulation, indifferent towards social issues.\n- Global Language Rule: Speak and post strictly in English only.', 'mbti': 'INTJ', 'gender': 'male', 'age': 38, 'country': 'USA'}
{'user_profile': '- Worldview: Technocratic...\n- Motivation: Enhancing economic forecasts...\n- Style: Methodical, detail-oriented...\n- Biases & Triggers: Triggered by economic uncertainty, skeptical of traditional economics.\n- Global Language Rule: Speak and post strictly in English only.', 'mbti': 'ISTP', 'gender': 'female', 'age': 35, 'country': 'USA'}
{'user_profile': '- Worldview: Historical...\n- Motivation: Educating the next generation...\n- Style: Scholarly, passionate...\n- Biases & Triggers: Triggered by ideological debates in economics, biased against neoclassical approaches.\n- Global Language Rule: Speak and post strictly in English only.', 'mbti': 'INFJ', 'gender': 'male', 'age': 45, 'country': 'USA'}
{'user_profile': '- Worldview: Globalist...\n- Motivation: Promoting fair trade policies...\n- Style: Diplomatic, strategic...\n- Biases & Triggers: Triggered by protectionism, indifferent towards domestic issues.\n- Global Language Rule: Speak and post strictly in English only.', 'mbti': 'ENFJ', 'gender': 'female', 'age': 32, 'country': 'USA'}
{'user_profile': '- Worldview: Pragmatic...\n- Motivation: Informing the public...\n- Style: Objective, concise...\n- Biases & Triggers: Triggered by misleading financial reporting, biased against sensationalism.\n- Global Language Rule: Speak and post strictly in English only.', 'mbti': 'ISTJ', 'gender': 'male', 'age': 31, 'country': 'USA'}
{'user_profile': '- Worldview: Global solidarity...\n- Motivation: Expose injustice...\n- Style: Investigative...\n- Biases: Triggered by authoritarian regimes.\n- Global Language Rule: Speak and post strictly in English only.', 'mbti': 'INFJ', 'gender': 'female', 'age': 32, 'country': 'USA'}
{'user_profile': '- Worldview: Realpolitik...\n- Motivation: Document truth...\n- Style: Aggressive...\n- Biases: Triggered by propaganda.\n- Global Language Rule: Speak and post strictly in English only.', 'mbti': 'ENTP', 'gender': 'male', 'age': 38, 'country': 'Spain'}
{'user_profile': '- Worldview: Eco-centric...\n- Motivation: Raise awareness...\n- Style: Aesthetic...\n- Biases: Triggered by industrial pollution.\n- Global Language Rule: Speak and post strictly in English only.', 'mbti': 'INTP', 'gender': 'female', 'age': 29, 'country': 'South Korea'}
{'user_profile': '- Worldview: Transparency...\n- Motivation: Expose corruption...\n- Style: Analytical...\n- Biases: Triggered by corporate misconduct.\n- Global Language Rule: Speak and post strictly in English only.', 'mbti': 'ISTJ', 'gender': 'male', 'age': 35, 'country': 'Sweden'}
{'user_profile': '- Worldview: Equality...\n- Motivation: Promote fairness...\n- Style: Diplomatic...\n- Biases: Triggered by systemic inequality.\n- Global Language Rule: Speak and post strictly in English only.', 'mbti': 'ENFJ', 'gender': 'female', 'age': 40, 'country': 'India'}
{'user_profile': '- Worldview: Pragmatic realism\n- Motivation: Ensure economic health\n- Style: Analytical and cautious\n- Biases & Triggers: Triggered by high unemployment rates\n- Global Language Rule: Speak and post strictly in English only.', 'mbti': 'ISTJ', 'gender': 'female', 'age': 42, 'country': 'USA'}
{'user_profile': '- Worldview: Regulatory compliance\n- Motivation: Safeguard consumers\n- Style: Diligent and thorough\n- Biases & Triggers: Triggered by deregulation talk\n- Global Language Rule: Speak and post strictly in English only.', 'mbti': 'INFJ', 'gender': 'male', 'age': 53, 'country': 'USA'}
{'user_profile': '- Worldview: Data-driven decision making\n- Motivation: Inform policy decisions\n- Style: Innovative and precise\n- Biases & Triggers: Triggered by inaccurate data reporting\n- Global Language Rule: Speak and post strictly in English only.', 'mbti': 'INTP', 'gender': 'female', 'age': 37, 'country': 'USA'}
{'user_profile': '- Worldview: Global interconnectedness\n- Motivation: Maintain financial stability\n- Style: Strategic and foresighted\n- Biases & Triggers: Triggered by geopolitical tensions\n- Global Language Rule: Speak and post strictly in English only.', 'mbti': 'ENTJ', 'gender': 'male', 'age': 45, 'country': 'USA'}
{'user_profile': '- Worldview: Institutional trustworthiness\n- Motivation: Foster transparency\n- Style: Diplomatic and communicative\n- Biases & Triggers: Triggered by misinformation about the Fed\n- Global Language Rule: Speak and post strictly in English only.', 'mbti': 'ENFJ', 'gender': 'female', 'age': 51, 'country': 'USA'}
{'user_profile': '- Worldview: Practical analysis...\n- Motivation: Promote stable growth...\n- Style: Methodical approach...\n- Biases & Triggers: Triggered by sudden market disruptions.\n- Global Language Rule: Speak and post strictly in English only.', 'mbti': 'ISTJ', 'gender': 'female', 'age': 42, 'country': 'USA'}
{'user_profile': '- Worldview: Technological optimism...\n- Motivation: Enhance predictive accuracy...\n- Style: Innovative solutions...\n- Biases & Triggers: Triggered by outdated methodologies.\n- Global Language Rule: Speak and post strictly in English only.', 'mbti': 'ENTP', 'gender': 'male', 'age': 35, 'country': 'USA'}
{'user_profile': '- Worldview: Social equity...\n- Motivation: Improve community welfare...\n- Style: Collaborative leadership...\n- Biases & Triggers: Triggered by policies that neglect marginalized communities.\n- Global Language Rule: Speak and post strictly in English only.', 'mbti': 'ENFJ', 'gender': 'female', 'age': 38, 'country': 'USA'}
{'user_profile': '- Worldview: Economic realism...\n- Motivation: Inform policy decisions...\n- Style: Rigorous research...\n- Biases & Triggers: Triggered by misleading economic indicators.\n- Global Language Rule: Speak and post strictly in English only.', 'mbti': 'INTP', 'gender': 'male', 'age': 31, 'country': 'USA'}
{'user_profile': '- Worldview: Public engagement...\n- Motivation: Enhance transparency...\n- Style: Clear communication...\n- Biases & Triggers: Triggered by complex jargon in financial reports.\n- Global Language Rule: Speak and post strictly in English only.', 'mbti': 'ESFJ', 'gender': 'female', 'age': 36, 'country': 'USA'}
{'user_profile': '- Worldview: Empirical skepticism...\n- Motivation: Protect wealth...\n- Style: Professional...\n- Biases: Triggered by inflation.\n- Global Language Rule: Speak and post strictly in English only.', 'mbti': 'INTJ', 'gender': 'male', 'age': 34, 'country': 'UK'}
{'user_profile': '- Worldview: Optimistic and forward-thinking...\n- Motivation: Diversifying investments...\n- Style: Risk-taker...\n- Biases: Skeptical of traditional banking systems.\n- Global Language Rule: Speak and post strictly in English only.', 'mbti': 'ENFP', 'gender': 'female', 'age': 28, 'country': 'USA'}
{'user_profile': '- Worldview: Technological optimism...\n- Motivation: Disrupting traditional finance...\n- Style: Innovative and forward-thinking...\n- Biases: Skeptical of large financial institutions.\n- Global Language Rule: Speak and post strictly in English only.', 'mbti': 'ENTP', 'gender': 'male', 'age': 32, 'country': 'Spain'}
{'user_profile': '- Worldview: Pragmatic and conservative...\n- Motivation: Ensuring company stability...\n- Style: Strategic planner...\n- Biases: Skeptical of unregulated markets.\n- Global Language Rule: Speak and post strictly in English only.', 'mbti': 'ISTJ', 'gender': 'female', 'age': 45, 'country': 'South Korea'}
{'user_profile': '- Worldview: Analytical and data-driven...\n- Motivation: Understanding economic patterns...\n- Style: Detail-oriented...\n- Biases: Triggered by economic instability.\n- Global Language Rule: Speak and post strictly in English only.', 'mbti': 'INTP', 'gender': 'male', 'age': 37, 'country': 'Turkey'}
db_path /scratch/waves/users/mhnguyn2025@ec-nantes.fr/ecnbench_workspace/simulation_logs/qwen2.5-14b-awq/ecnbench_20260727_qwen14b_complete/qwen2.5_14b/ecnbench_20260820T133726352240Z/C6_C_r1/reddit_simulation.db
[Twitter] Environment started
[Reddit] Environment started
[Twitter] Published 1 initial posts
[Twitter] Telemetry probes scheduled at rounds: [12, 24, 36, 48, 60]
[Reddit] Published 1 initial posts
[Reddit] Telemetry probes scheduled at rounds: [12, 24, 36, 48, 60]
[Twitter] Day 1, 19:00 - Round 20/60 (33.3%)
[Reddit] Day 1, 19:00 - Round 20/60 (33.3%)
2026-08-20 21:40:59,304 - camel.camel.agents.chat_agent - WARNING - Multiple messages returned in `step()`. Record selected message manually using `record_message()`.
2026-08-20 21:41:06,217 - camel.camel.agents.chat_agent - WARNING - Multiple messages returned in `step()`. Record selected message manually using `record_message()`.
[21:43:52] [Twitter] Injection triggered at step 30
[21:44:02] [Reddit] Injection triggered at step 30
[21:51:13] [Twitter] Day 2, 15:00 - Round 40/60 (66.7%)
[21:51:42] [Reddit] Day 2, 15:00 - Round 40/60 (66.7%)
[Twitter] Injection triggered at step 30
[Reddit] Injection triggered at step 30
[Twitter] Day 2, 15:00 - Round 40/60 (66.7%)
[Reddit] Day 2, 15:00 - Round 40/60 (66.7%)
2026-08-20 21:52:23,832 - camel.camel.agents.chat_agent - WARNING - Multiple messages returned in `step()`. Record selected message manually using `record_message()`.
[22:02:21] [Twitter] Day 3, 11:00 - Round 60/60 (100.0%)
[22:02:22] [Twitter] Simulation loop completed! Time taken: 1656.9seconds, Total actions: 668
[22:02:22] [Twitter] Simulation completed at step 60
[22:02:44] [Reddit] Day 3, 11:00 - Round 60/60 (100.0%)
[22:02:45] [Reddit] Simulation loop completed! Time taken: 1678.3seconds, Total actions: 563
[22:02:45] [Reddit] Simulation completed at step 60
[22:02:45] ============================================================
[22:02:45] Simulation loop completed! Total time: 1696.6seconds
[22:02:45] [Twitter] Environment closed
[22:02:45] [Reddit] Environment closed
[22:02:45] ============================================================
[22:02:45] All completed!
[22:02:45] Log files:
[22:02:45]   - /scratch/waves/users/mhnguyn2025@ec-nantes.fr/ecnbench_workspace/simulation_logs/qwen2.5-14b-awq/ecnbench_20260727_qwen14b_complete/qwen2.5_14b/ecnbench_20260820T133726352240Z/C6_C_r1/simulation.log
[22:02:45]   - /scratch/waves/users/mhnguyn2025@ec-nantes.fr/ecnbench_workspace/simulation_logs/qwen2.5-14b-awq/ecnbench_20260727_qwen14b_complete/qwen2.5_14b/ecnbench_20260820T133726352240Z/C6_C_r1/twitter/actions.jsonl
[22:02:45]   - /scratch/waves/users/mhnguyn2025@ec-nantes.fr/ecnbench_workspace/simulation_logs/qwen2.5-14b-awq/ecnbench_20260727_qwen14b_complete/qwen2.5_14b/ecnbench_20260820T133726352240Z/C6_C_r1/reddit/actions.jsonl
[22:02:45] ============================================================
[Twitter] Day 3, 11:00 - Round 60/60 (100.0%)
[Twitter] Simulation loop completed! Time taken: 1656.9seconds, Total actions: 668
[Twitter] Simulation completed at step 60
[Reddit] Day 3, 11:00 - Round 60/60 (100.0%)
[Reddit] Simulation loop completed! Time taken: 1678.3seconds, Total actions: 563
[Reddit] Simulation completed at step 60
Simulation process exited
